quantity_sold_ground_truth,quantity_sold_predicted
3.218875824868201,2.7668388
0.0,0.30385578
1.791759469228055,2.7284932
3.4657359027997265,3.691447
0.0,0.6040159
6.156978985585555,5.4324565
3.1354942159291497,2.8785534
0.0,0.08782414
0.0,0.48577464
3.5263605246161616,3.8902602
0.6931471805599453,2.6163008
3.1780538303479458,3.9471085
0.6931471805599453,1.8422058
0.0,-0.09158824
3.58351893845611,3.9498634
0.0,0.11690266
7.106606137727303,6.4595213
1.6094379124341005,0.18090016
3.7612001156935615,3.3148289
0.0,0.17806913
0.0,0.19165805
2.302585092994046,1.0677958
6.92951677076365,6.9657454
2.5649493574615367,2.2607098
9.169976605786628,8.751907
9.169976605786628,6.9405155
0.0,0.06086963
0.6931471805599453,0.26565072
0.0,0.2675005
0.0,0.8934484
0.0,0.016681472
4.110873864173311,3.7620664
0.6931471805599453,1.2125454
0.0,0.1450731
3.332204510175204,3.450174
2.079441541679836,1.5968643
3.9318256327243257,4.304706
2.5649493574615367,4.140958
4.07753744390572,3.9903677
0.6931471805599453,0.6597241
0.0,0.19874023
0.6931471805599453,0.018239578
1.791759469228055,1.131701
4.727387818712341,4.52353
7.538494999413465,6.989565
2.6390573296152584,1.6851346
1.3862943611198906,0.5087172
1.3862943611198906,0.48226583
0.0,0.9723237
0.0,0.053407695
0.0,-0.04117186
6.16541785423142,6.1719823
6.8001700683022,7.2047315
0.0,0.14920786
9.169976605786628,7.9314303
4.394449154672439,4.5902267
5.062595033026967,5.2931523
0.0,0.5783959
1.3862943611198906,1.9002687
2.19722457733622,1.5474538
5.7745515455444085,5.4648576
1.0986122886681098,2.393759
0.0,0.27547953
0.0,0.3917993
0.0,0.07429676
3.4011973816621555,3.0308146
7.797291273547472,8.046982
0.0,0.74836653
4.3694478524670215,4.518874
0.0,0.52145153
5.356586274672012,5.645452
5.484796933490655,5.211066
4.882801922586371,4.868086
3.332204510175204,2.9728477
1.9459101490553128,1.4798808
3.218875824868201,2.9204988
0.6931471805599453,0.17793405
0.0,0.009846541
1.9459101490553128,3.047184
2.302585092994046,1.9925658
0.6931471805599453,0.4533372
6.943122422819428,6.7673197
5.3230099791384085,6.6258273
0.6931471805599453,0.73017997
0.6931471805599453,0.92772895
5.068904202220232,4.7517643
5.950642552587727,6.227061
5.327876168789581,5.264906
2.8903717578961645,1.621036
0.0,0.15879484
1.791759469228055,1.1192878
2.19722457733622,1.6344655
9.169976605786628,9.5059395
2.9444389791664403,2.4808426
0.0,0.08618693
0.0,4.667978
4.74493212836325,3.2548385
2.6390573296152584,3.1477926
2.833213344056216,2.2122862
3.4657359027997265,3.1043673
2.3978952727983707,2.7203965
1.9459101490553128,1.1833106
3.5263605246161616,3.51861
2.4849066497880004,0.6624739
6.2166061010848646,5.530932
0.0,-0.028409872
3.871201010907891,4.631256
1.3862943611198906,1.4646493
3.912023005428146,4.315749
0.6931471805599453,0.4679257
2.079441541679836,1.0415438
4.3694478524670215,4.4512486
0.0,0.16786936
4.74493212836325,4.8222227
2.3978952727983707,0.14006001
1.791759469228055,1.8556861
0.6931471805599453,1.1493443
1.6094379124341005,1.1109983
3.555348061489413,3.4051714
0.0,0.26314554
0.0,0.07581381
6.137727054086234,6.866812
1.3862943611198906,2.2467535
2.5649493574615367,3.3163228
2.8903717578961645,2.3222692
0.6931471805599453,0.6195911
0.0,0.049542937
5.075173815233827,5.3593416
0.0,0.036312383
0.6931471805599453,2.1357136
2.772588722239781,1.8151939
0.6931471805599453,0.42762098
1.6094379124341005,0.7429805
2.8903717578961645,3.3948464
0.0,0.06237854
0.0,0.0204218
1.0986122886681098,0.36899415
3.610917912644224,2.007071
4.143134726391533,3.8088193
0.0,0.083195165
0.0,0.5122366
1.0986122886681098,0.5919172
0.0,0.03630447
4.672828834461906,5.0038786
1.791759469228055,1.7715676
4.060443010546419,4.0965104
0.6931471805599453,2.334872
6.173786103901937,4.9901495
3.4011973816621555,3.6132736
0.0,0.6118401
4.820281565605037,4.064084
1.0986122886681098,1.2420896
0.0,0.07240441
6.049733455231958,6.0493884
0.0,0.9073262
1.6094379124341005,2.4251995
0.0,0.8547654
0.0,0.080550045
5.0238805208462765,4.9669
1.791759469228055,1.7144815
0.0,0.4324958
0.6931471805599453,0.57995397
3.295836866004329,4.1003036
0.0,0.08308017
2.5649493574615367,1.923424
0.0,0.20440255
0.0,0.5269451
0.0,0.44749564
5.771441123130016,6.1539073
0.0,0.36637127
1.3862943611198906,1.3465365
3.80666248977032,3.7273903
1.6094379124341005,1.6122897
1.0986122886681098,2.2868474
2.3978952727983707,1.958049
3.1354942159291497,3.7260866
0.0,-0.030317763
0.6931471805599453,1.1695954
0.0,0.015591029
5.278114659230517,5.6578383
0.0,0.070518635
1.3862943611198906,1.0449157
0.0,0.39737302
3.555348061489413,1.6671644
1.9459101490553128,2.0813627
3.4657359027997265,3.3559048
1.3862943611198906,1.4581735
2.19722457733622,1.1952187
0.0,0.53045964
1.3862943611198906,0.57345414
3.218875824868201,3.928528
2.19722457733622,2.5997493
2.8903717578961645,3.333567
0.0,0.3007219
2.079441541679836,2.944025
4.7535901911063645,4.437478
0.0,0.10165173
0.0,0.10475697
3.091042453358316,2.7424886
2.772588722239781,3.1784253
4.663439094112067,3.3211293
0.0,0.04052687
3.871201010907891,2.0325167
4.962844630259907,5.14698
1.791759469228055,1.8598299
2.19722457733622,2.0283964
0.6931471805599453,0.05491285
4.68213122712422,4.145034
0.6931471805599453,0.33984017
3.6635616461296463,3.0197942
2.079441541679836,2.6704113
0.0,0.14211045
1.3862943611198906,1.1406579
0.0,0.3429175
0.0,0.37389314
0.0,0.81973726
3.1354942159291497,5.077443
1.791759469228055,2.8358235
2.079441541679836,1.1194334
5.958424693029782,6.1615458
2.302585092994046,0.54814976
5.855071922202427,5.5454698
0.0,0.084897965
0.0,0.0375004
0.0,0.25490108
2.772588722239781,2.3850653
1.791759469228055,1.9088838
0.0,0.092298634
0.0,0.68074936
1.6094379124341005,2.4617424
3.044522437723423,2.4346085
0.0,0.0404083
0.0,0.23073104
3.970291913552122,3.2707305
1.9459101490553128,2.715395
1.791759469228055,1.2695974
0.0,0.054943535
0.6931471805599453,1.8535515
2.9444389791664403,1.8233091
0.0,0.24333563
3.367295829986474,2.208902
1.3862943611198906,0.80783784
5.739792912179234,6.369857
4.248495242049359,4.175464
1.6094379124341005,1.9950893
5.488937726156687,5.141892
1.6094379124341005,2.192457
2.833213344056216,2.6470873
7.554334823725748,7.6841335
0.0,0.1615005
5.14166355650266,4.603509
4.007333185232471,3.956123
1.9459101490553128,2.6299136
0.0,0.26434124
1.3862943611198906,1.1971215
7.269616749608169,6.8976026
1.791759469228055,1.4226696
1.0986122886681098,1.2974095
0.6931471805599453,0.83744246
1.0986122886681098,1.3061876
0.0,0.08712946
6.124683390894205,5.424435
2.6390573296152584,2.7797186
3.8501476017100575,3.8390675
7.422373700986824,7.088333
4.912654885736052,6.0621915
4.7535901911063645,5.9679165
0.6931471805599453,0.13368332
0.0,0.17527194
2.5649493574615367,2.7982647
0.0,-0.017754845
1.3862943611198906,1.7360781
4.23410650459726,4.1676574
3.218875824868201,4.0050488
1.3862943611198906,0.62185615
6.115892125483034,6.9809213
6.77078942390898,5.415378
1.791759469228055,2.2839553
2.3978952727983707,1.9325962
0.0,0.0769572
4.770684624465665,3.573883
0.0,0.029870493
2.70805020110221,2.2504601
6.035481432524756,6.134219
7.697121317282625,6.6610484
4.174387269895637,3.695834
5.389071729816501,4.914592
4.59511985013459,4.007332
9.169976605786628,8.024592
7.307872780763706,7.0877647
4.663439094112067,5.1501055
6.228511003591184,5.7356873
0.0,0.18395972
0.0,0.48919898
0.0,0.3225469
1.0986122886681098,1.9599456
3.49650756146648,4.075422
4.584967478670572,2.5420868
0.0,0.012139635
0.0,0.10024476
2.5649493574615367,1.7819932
1.3862943611198906,0.7121178
0.6931471805599453,0.81902224
5.459585514144159,5.3444934
0.0,0.13772066
4.143134726391533,4.0356526
2.9444389791664403,2.3778925
3.9318256327243257,3.659536
0.0,0.6987407
0.0,0.65610814
1.0986122886681098,0.3269908
3.9889840465642745,3.6219432
7.907651594711089,7.1875753
6.641182169740591,4.7860665
1.0986122886681098,0.7260658
3.80666248977032,4.4778533
7.748028524432376,8.662889
4.442651256490317,4.816946
2.4849066497880004,2.2913861
0.6931471805599453,0.7554393
0.0,0.06662697
5.916202062607435,4.3464355
2.833213344056216,1.7552731
0.0,0.0838948
2.19722457733622,2.4788194
2.70805020110221,3.1303732
0.0,0.018444419
2.70805020110221,2.8509293
0.0,0.30220348
4.356708826689592,4.677505
3.9889840465642745,3.940647
0.0,0.6846006
1.0986122886681098,0.34281793
4.709530201312334,4.310364
2.3978952727983707,2.653506
0.0,1.6801407
0.0,0.036897473
0.6931471805599453,0.3107299
0.0,0.2859895
6.171700597410915,5.874404
5.53338948872752,5.1035767
4.812184355372417,3.4573653
0.0,0.029315589
5.068904202220232,5.38031
5.2832037287379885,4.509218
4.110873864173311,3.2659156
0.6931471805599453,0.11110855
3.951243718581428,4.397298
5.7745515455444085,6.0687175
1.0986122886681098,0.50633425
2.19722457733622,1.9058986
0.6931471805599453,1.5022653
4.02535169073515,4.2506075
0.0,0.057846997
1.6094379124341005,2.544603
2.772588722239781,3.157442
4.382026634673881,4.4133816
1.0986122886681098,2.5230625
0.0,0.96289444
0.6931471805599453,0.21158525
0.0,0.35895836
6.20455776256869,4.9446564
0.0,0.05647797
0.6931471805599453,0.32682806
4.330733340286331,3.5903401
1.9459101490553128,2.571159
0.0,0.72190297
2.5649493574615367,1.9396884
0.6931471805599453,0.61139077
4.859812404361672,4.6782703
3.295836866004329,3.732237
3.1354942159291497,2.7173645
2.079441541679836,2.2511075
0.0,0.08307311
1.3862943611198906,0.25959298
2.4849066497880004,2.2845473
3.6375861597263857,1.6633646
0.6931471805599453,0.34496948
5.476463551931511,5.323862
4.382026634673881,4.7506557
1.6094379124341005,0.14300056
0.0,0.25310472
2.4849066497880004,2.0472763
1.0986122886681098,0.08139258
0.0,0.11744433
2.19722457733622,1.3340096
2.3978952727983707,2.8114698
0.0,0.9735415
2.302585092994046,1.5534732
0.0,1.5991763
2.302585092994046,1.5788567
2.6390573296152584,2.295452
5.926926025970411,5.9260225
0.0,0.32349086
2.5649493574615367,2.382764
0.6931471805599453,0.86288863
2.5649493574615367,2.6078038
0.6931471805599453,1.7268423
0.0,0.080606215
1.3862943611198906,0.9786051
2.3978952727983707,2.6213522
7.781973234434385,6.836249
1.3862943611198906,2.0880249
2.4849066497880004,2.4806442
5.1647859739235145,4.569229
5.272999558563747,4.991383
1.791759469228055,0.94898546
0.0,0.04964309
2.772588722239781,4.141601
1.791759469228055,3.1990807
3.258096538021482,3.689828
3.332204510175204,3.0287654
2.772588722239781,1.9523915
0.6931471805599453,0.15027489
3.951243718581428,2.926381
1.0986122886681098,1.492412
3.295836866004329,3.5121708
3.6635616461296463,3.2290182
0.0,-0.19716452
3.871201010907891,4.335244
0.0,0.33098626
0.0,0.3314948
0.6931471805599453,1.267971
0.0,0.13013478
0.6931471805599453,0.38661075
7.747596838692885,7.6569853
1.3862943611198906,1.5105039
1.9459101490553128,0.96962726
0.0,0.707946
1.3862943611198906,1.3311465
2.995732273553991,2.4654753
3.044522437723423,3.1415827
5.056245805348308,6.438224
0.0,0.4842503
5.513428746164983,5.590498
1.3862943611198906,3.0716655
4.700480365792417,5.5800414
1.3862943611198906,0.7502371
0.0,0.22597925
1.791759469228055,2.6862125
3.610917912644224,3.9969108
0.6931471805599453,0.03199307
0.0,0.3204131
2.302585092994046,2.3888757
0.0,0.61135983
4.262679877041316,5.1071706
4.430816798843313,4.410696
5.455321115357702,6.0098906
2.70805020110221,2.8104143
0.6931471805599453,0.37864855
0.0,0.7444726
5.1647859739235145,5.07065
0.0,1.0244443
0.0,0.6286508
3.218875824868201,3.396502
1.9459101490553128,2.0104282
1.0986122886681098,0.7379116
2.4849066497880004,2.298085
5.613128106388071,5.9349823
0.0,0.6197894
0.6931471805599453,0.7337731
0.0,0.12753177
0.0,0.21181409
0.0,0.35821736
0.0,0.03774922
3.091042453358316,2.4568763
2.079441541679836,2.5782125
0.0,0.56058913
0.0,0.07875003
3.737669618283368,2.9278052
0.0,0.42085695
4.672828834461906,4.036235
3.784189633918261,4.0292273
2.833213344056216,1.9099547
1.9459101490553128,1.831905
0.0,0.35275942
4.007333185232471,3.8143783
1.9459101490553128,1.388334
0.0,0.5977854
0.6931471805599453,1.4385715
1.6094379124341005,1.6207957
1.0986122886681098,1.2327901
0.0,0.09169472
0.6931471805599453,1.5034454
2.19722457733622,1.2642128
0.6931471805599453,1.9178414
2.3978952727983707,1.9742584
5.0369526024136295,4.8198233
0.0,1.1040295
0.0,0.14685978
0.6931471805599453,1.9915996
1.0986122886681098,0.7435891
0.0,0.44644037
2.302585092994046,1.6219127
2.772588722239781,2.7441542
2.5649493574615367,2.4954584
2.833213344056216,1.7775602
2.4849066497880004,1.754722
3.4339872044851463,3.0577233
3.58351893845611,3.8357058
6.1092475827643655,6.746484
5.66988092298052,5.9819465
0.0,0.41727063
2.772588722239781,1.767638
0.0,0.13340202
1.9459101490553128,2.293474
1.791759469228055,1.5264342
1.0986122886681098,1.1947818
0.0,0.14223725
0.6931471805599453,1.7482935
3.713572066704308,4.1168947
0.0,0.64721286
8.439880088313567,8.524663
3.8501476017100575,4.601608
4.07753744390572,4.6825595
0.6931471805599453,0.5703179
1.9459101490553128,2.5417376
2.4849066497880004,1.736094
7.080867896690782,6.4622645
5.429345628954441,5.177152
0.0,0.052154098
0.0,0.7079172
0.6931471805599453,0.20929758
0.0,0.21456677
0.0,0.8160736
0.0,0.06270203
6.084499413075172,5.566747
0.6931471805599453,0.5291033
0.0,0.1488455
2.4849066497880004,2.714717
1.0986122886681098,1.4868295
0.0,0.071040325
2.70805020110221,3.3033264
0.0,0.033731386
7.606387389772652,7.4013305
1.791759469228055,1.0333171
0.0,0.0042549884
0.0,1.2478098
3.8918202981106265,3.2466674
3.6375861597263857,4.329446
1.3862943611198906,1.9893326
9.169976605786628,6.369669
0.0,0.09407211
0.0,0.07720253
1.6094379124341005,1.4034665
4.663439094112067,4.527813
1.6094379124341005,1.8804181
1.0986122886681098,1.0076349
2.772588722239781,2.9583158
0.0,0.045258865
6.077642243349034,6.049542
6.635946555686647,6.1956153
0.6931471805599453,0.7018071
2.302585092994046,1.2181705
9.169976605786628,6.594815
4.04305126783455,3.7677224
0.0,0.050864708
3.713572066704308,2.698986
2.4849066497880004,2.138808
2.19722457733622,2.0165763
2.3978952727983707,2.3198032
0.0,0.13025755
0.6931471805599453,0.6449588
2.19722457733622,1.1085286
5.123963979403259,4.4639306
2.772588722239781,2.436161
0.0,0.50412023
0.0,0.033275727
0.0,1.3429687
5.501258210544727,5.1787014
3.295836866004329,2.7467182
0.0,0.049163945
0.0,1.8364207
0.0,0.20227613
0.0,0.0011394823
2.4849066497880004,1.8423889
4.430816798843313,4.7602377
0.6931471805599453,1.4403316
0.0,-0.013348176
0.6931471805599453,0.4674961
2.4849066497880004,3.7338498
2.8903717578961645,3.7719178
1.0986122886681098,1.3214304
0.0,0.4750141
6.956545443151569,6.8036203
3.7612001156935615,4.713463
1.6094379124341005,0.33189383
3.1354942159291497,3.1915474
6.461468176353717,5.4262166
4.23410650459726,4.168167
4.882801922586371,4.9085727
0.6931471805599453,0.5512843
2.833213344056216,3.4104793
0.0,0.13243522
6.595780513961311,6.807142
0.0,0.08977739
4.174387269895637,4.1274266
0.6931471805599453,0.2375953
2.19722457733622,2.1228411
1.791759469228055,2.744612
2.079441541679836,2.0250463
1.6094379124341005,1.9519498
3.1354942159291497,2.4092705
0.6931471805599453,1.7553681
0.0,0.0463228
0.0,0.06020352
0.0,0.56150407
1.0986122886681098,0.4872456
6.894670039433482,6.4535556
1.3862943611198906,1.0299937
2.8903717578961645,2.6406887
0.0,0.7400837
0.0,0.21048617
5.961005339623274,3.855686
5.7745515455444085,6.1427803
1.6094379124341005,0.8221492
4.248495242049359,3.4504924
8.658692753689937,8.621443
0.0,0.40220445
0.0,0.37029913
1.6094379124341005,1.9086798
3.912023005428146,3.9205556
0.0,0.12419962
4.762173934797756,4.8329735
0.6931471805599453,1.2013723
0.0,0.1191793
0.0,0.50673044
0.0,0.38998234
5.680172609017068,5.3197107
1.0986122886681098,0.4842812
0.6931471805599453,1.4215013
0.0,0.1360557
0.0,0.23904303
4.02535169073515,3.5546687
3.737669618283368,2.9697068
2.70805020110221,2.351479
0.6931471805599453,0.010397228
0.0,0.11970812
1.3862943611198906,1.6655467
3.1780538303479458,3.3135011
3.4339872044851463,3.0003414
1.0986122886681098,1.04332
0.0,0.7301971
0.0,0.8594277
4.23410650459726,3.8476665
0.0,0.09606028
2.302585092994046,3.1864083
0.6931471805599453,1.435262
0.0,0.36562547
1.791759469228055,2.313747
0.0,0.2763549
0.0,-0.0039186785
0.0,0.2632168
3.8501476017100575,4.308052
4.624972813284271,4.528842
0.6931471805599453,0.5183615
1.791759469228055,1.502763
3.332204510175204,3.24357
0.0,0.15745872
4.605170185988092,4.762055
0.6931471805599453,1.771713
0.0,0.28247294
0.0,0.02551441
5.4510384535657,5.8418684
5.703782474656201,5.994818
5.594711379601839,4.6495714
0.6931471805599453,1.0447472
0.6931471805599453,1.396727
4.663439094112067,4.0467043
0.0,0.037606075
0.0,0.16606617
1.0986122886681098,0.86764437
2.079441541679836,1.2352482
2.6390573296152584,3.2408361
1.0986122886681098,1.3843583
2.833213344056216,3.7513745
5.973809611869261,6.2613697
0.0,0.7158692
0.6931471805599453,0.71630436
0.6931471805599453,0.36919522
3.58351893845611,3.1008132
0.6931471805599453,-0.038154468
4.174387269895637,4.1510963
3.367295829986474,2.8616366
6.729824070489475,5.5114284
0.0,0.295381
0.6931471805599453,1.4007043
4.3694478524670215,3.7537322
3.8501476017100575,3.66266
1.6094379124341005,0.5383716
0.0,0.5496924
2.9444389791664403,3.3046494
0.6931471805599453,0.261107
2.833213344056216,2.8892379
4.204692619390966,4.365601
7.431299675155903,6.982092
0.6931471805599453,1.230483
2.4849066497880004,1.782476
7.167809184316444,3.9441226
7.126087273299125,7.69021
6.486160788944089,5.1703296
2.833213344056216,2.0730858
0.0,0.3841883
0.6931471805599453,0.39967012
2.772588722239781,2.7721324
3.8501476017100575,3.5151067
1.0986122886681098,1.2193016
0.6931471805599453,1.0013883
0.0,0.55850446
2.4849066497880004,3.965083
0.0,0.08218681
0.0,0.65667635
6.413458957167357,5.1364393
2.5649493574615367,2.988093
0.0,0.55387586
0.0,0.15157217
5.7430031878094825,6.1961536
3.218875824868201,1.827672
0.6931471805599453,1.2858058
3.1354942159291497,3.6681101
0.6931471805599453,2.5850372
1.3862943611198906,2.2026706
0.0,0.53158206
1.9459101490553128,0.9730245
0.0,0.60952246
3.332204510175204,1.8898205
1.0986122886681098,0.18731071
7.089243155027514,6.462045
1.0986122886681098,1.5843854
3.912023005428146,4.3480525
1.3862943611198906,1.7768728
1.0986122886681098,1.2974095
0.0,0.14961788
3.6635616461296463,2.141311
4.127134385045092,4.8113775
3.49650756146648,2.8016102
2.3978952727983707,2.3452995
8.442685139241176,8.264429
2.6390573296152584,1.4058077
0.0,0.09485967
3.5263605246161616,3.4216454
0.6931471805599453,0.69167614
6.169610732491456,5.6273465
5.198497031265826,5.2822824
6.042632833682381,5.7203193
1.6094379124341005,1.5176557
1.791759469228055,1.2591153
0.0,0.18757932
0.0,0.53107905
2.3978952727983707,2.2116745
3.970291913552122,4.174237
4.543294782270004,4.2570815
1.0986122886681098,0.9049794
0.0,0.53696114
5.236441962829949,4.081367
3.8918202981106265,4.725067
2.302585092994046,1.8793743
3.1780538303479458,3.4278047
4.406719247264253,2.4843569
5.262690188904886,5.4073496
2.772588722239781,1.7050079
0.6931471805599453,0.1822695
0.0,0.20142317
6.765038976780541,6.7907834
2.70805020110221,1.8764946
2.772588722239781,2.3048794
5.3230099791384085,4.8385534
0.0,0.06366505
1.3862943611198906,2.587383
2.995732273553991,3.302951
0.0,1.053622
0.0,1.355535
4.060443010546419,4.4859405
1.6094379124341005,1.0176177
0.0,0.10558545
1.0986122886681098,2.016422
0.0,0.017101772
5.627621113690637,5.720691
1.0986122886681098,1.4082472
4.875197323201151,4.4329977
1.3862943611198906,1.7881056
0.0,0.02567093
9.06577692078483,9.1261835
2.079441541679836,2.8905299
0.0,0.09243248
3.912023005428146,3.8728635
1.9459101490553128,1.8384571
0.0,0.092544116
3.4011973816621555,4.090174
6.536691597591305,6.235298
0.0,0.52884775
5.3612921657094255,5.2157817
0.0,0.34180614
0.0,0.37014642
0.0,0.02611714
3.4011973816621555,1.2394311
0.0,0.8042714
0.0,0.36544064
3.688879454113936,3.7850745
0.0,0.77721095
5.062595033026967,4.3342466
1.3862943611198906,1.3595382
0.6931471805599453,0.56863403
0.6931471805599453,1.1940149
2.70805020110221,3.600243
0.0,0.69755995
5.117993812416755,5.337028
0.0,0.023280304
0.0,0.045860827
7.711101251840158,7.877424
0.0,0.017280387
7.130098510125578,6.850407
0.0,0.40134218
0.0,0.121857196
0.0,0.07817305
3.49650756146648,4.246913
0.6931471805599453,1.1771411
0.0,0.48593834
0.0,0.40013918
0.0,0.032708038
2.19722457733622,1.9991608
3.258096538021482,2.7228131
1.0986122886681098,0.7422297
0.0,0.12382247
2.079441541679836,1.4214565
2.833213344056216,3.0319183
0.0,0.9429503
9.169976605786628,8.869563
7.954723334497908,8.497786
0.0,0.109948516
0.6931471805599453,1.3344405
9.169976605786628,9.057238
0.0,0.015178105
1.3862943611198906,2.2538035
4.219507705176107,4.6882915
2.4849066497880004,1.8335571
2.8903717578961645,4.20816
1.6094379124341005,1.835163
2.079441541679836,1.2535983
2.8903717578961645,1.6754948
2.5649493574615367,1.2853396
4.976733742420574,4.9219656
3.49650756146648,3.0016086
0.6931471805599453,0.59574753
7.186901020411631,6.8802576
5.030437921392435,5.0063696
1.791759469228055,1.8408006
4.890349128221754,4.465803
0.0,1.4454991
1.3862943611198906,1.8895633
3.9889840465642745,3.9725876
0.0,0.022393629
7.43543801981455,7.2309914
1.3862943611198906,1.3643068
1.6094379124341005,0.3817407
0.0,0.07911562
0.0,0.51499176
0.0,1.2073472
0.0,0.24235578
7.398174092970465,6.7707353
5.802118375377063,5.0183177
8.866017398810255,8.581359
5.613128106388071,3.1827216
0.0,0.5098034
3.258096538021482,2.5843296
0.0,0.26607177
2.995732273553991,2.332845
0.0,0.06401843
2.5649493574615367,2.941288
2.4849066497880004,2.2289703
0.0,0.06296536
4.219507705176107,3.778551
4.0943445622221,4.2716546
3.332204510175204,2.688204
0.6931471805599453,1.6115881
2.079441541679836,1.3920016
0.0,0.734837
3.367295829986474,3.0600803
0.0,0.20317936
0.0,0.8446867
0.0,0.23906626
1.0986122886681098,0.6251853
2.70805020110221,1.5510571
0.0,0.7211924
1.0986122886681098,0.43060958
1.791759469228055,3.3407702
7.519149957669823,6.7449207
2.772588722239781,2.7462747
5.6937321388027,5.662492
3.1354942159291497,1.5801197
0.0,0.016496705
0.0,0.9149713
2.8903717578961645,3.282115
1.6094379124341005,0.80747366
9.0320506762956,8.71315
0.0,0.18125154
2.302585092994046,2.28825
2.302585092994046,1.685691
4.997212273764115,4.793154
1.791759469228055,1.7605046
4.882801922586371,5.032112
0.6931471805599453,0.3747803
2.3978952727983707,1.4514637
5.552959584921617,6.4966736
0.6931471805599453,0.15387721
4.867534450455582,4.329386
1.6094379124341005,2.5795867
1.791759469228055,0.49286446
0.0,0.1320093
4.564348191467836,4.4718723
0.0,0.60476595
2.079441541679836,2.3782678
2.3978952727983707,2.7851524
2.3978952727983707,2.2764575
0.0,0.10223093
6.324358962381311,4.169536
0.0,0.31783646
6.39024066706535,5.764565
2.079441541679836,0.49222222
0.0,0.06645517
0.0,0.010658474
0.0,0.09419804
0.0,0.72232795
5.225746673713202,5.268751
0.0,0.124585256
4.060443010546419,2.409399
1.3862943611198906,0.6597465
0.0,0.030529
4.442651256490317,4.6192055
0.0,0.5547884
4.5217885770490405,4.893114
2.6390573296152584,3.1419897
6.194405391104672,6.482723
0.0,0.23140687
0.0,0.2623433
0.0,1.2019477
3.4657359027997265,3.7066593
3.091042453358316,2.8443878
0.0,-0.010835267
1.3862943611198906,1.9268535
5.981414211254481,5.9935746
0.0,0.42140475
4.6443908991413725,4.182991
0.0,0.0708929
2.079441541679836,2.497511
2.3978952727983707,1.8961892
0.0,0.051620178
3.044522437723423,3.2468686
0.0,1.0807458
3.044522437723423,3.7051272
2.302585092994046,1.8792201
1.791759469228055,2.4489782
2.5649493574615367,3.0687459
9.169976605786628,8.522459
3.58351893845611,3.7239614
1.3862943611198906,1.7345849
5.780743515792329,5.123863
7.094234845924755,7.3525505
3.295836866004329,3.2075665
0.0,0.034072284
5.996452088619021,6.530679
2.302585092994046,2.0718253
4.418840607796598,4.2321386
4.543294782270004,4.098328
7.05444965813294,5.9985647
0.0,0.6623654
0.0,0.8106693
2.772588722239781,3.0305696
0.0,0.15907742
2.19722457733622,1.4978533
2.5649493574615367,2.8245175
2.9444389791664403,3.1611059
1.3862943611198906,0.50005436
3.555348061489413,4.8589625
2.9444389791664403,3.3293898
0.0,0.4103907
0.6931471805599453,2.1170003
1.791759469228055,1.775566
3.1354942159291497,3.488601
0.0,0.4218619
3.784189633918261,3.3451498
0.0,0.53947985
0.0,1.2251357
0.6931471805599453,0.64959186
2.079441541679836,1.8702183
1.6094379124341005,1.3185172
1.3862943611198906,1.8730284
3.332204510175204,3.303826
3.044522437723423,3.1408813
2.4849066497880004,3.028397
4.143134726391533,2.9427936
1.791759469228055,1.6140724
2.833213344056216,2.7560446
0.6931471805599453,0.42517078
2.079441541679836,2.613039
0.0,0.02946543
4.158883083359672,3.8444905
0.0,0.5232635
2.079441541679836,0.65313315
0.0,0.036168814
1.3862943611198906,1.5531938
0.0,0.0139320865
0.0,1.6139504
1.6094379124341005,1.4867846
3.8918202981106265,3.2957697
0.0,-0.0033796402
1.0986122886681098,1.0890836
3.8501476017100575,3.2378967
2.302585092994046,2.4691758
1.3862943611198906,0.69410455
4.07753744390572,4.364263
0.6931471805599453,1.1116786
0.0,0.47579074
0.6931471805599453,0.18957767
0.6931471805599453,0.5981721
0.0,0.71235025
0.0,0.5310104
1.3862943611198906,1.2855685
2.079441541679836,1.5648137
5.123963979403259,5.868448
1.6094379124341005,1.7231724
0.0,0.47111398
0.0,1.7929202
1.0986122886681098,1.6850206
4.934473933130692,4.435264
0.6931471805599453,0.53559077
1.3862943611198906,2.1024885
2.9444389791664403,2.6406164
1.3862943611198906,0.18094571
0.0,0.066262245
2.9444389791664403,1.9830616
0.6931471805599453,0.23444419
2.5649493574615367,2.5339217
5.638354669333745,5.5461507
1.0986122886681098,0.7296763
0.0,0.3449896
3.6635616461296463,3.9559534
2.8903717578961645,1.8237429
0.6931471805599453,0.3472605
1.6094379124341005,1.4143801
3.80666248977032,3.3551266
5.225746673713202,5.485842
0.6931471805599453,0.7651127
3.258096538021482,2.9529955
0.0,0.37339637
0.0,0.053328615
1.6094379124341005,1.4875077
7.938802248154481,8.081218
0.6931471805599453,1.3156438
5.214935757608986,4.94447
0.0,0.44352928
0.0,0.49239662
0.6931471805599453,0.8446867
2.4849066497880004,2.0748665
2.3978952727983707,2.3275735
2.70805020110221,2.2827768
6.180016653652572,5.7082753
1.0986122886681098,0.49552214
0.0,1.911423
0.0,0.5630128
0.0,0.10797683
0.6931471805599453,1.4243085
0.6931471805599453,1.2473563
1.6094379124341005,2.537359
0.0,1.355501
1.3862943611198906,0.30355898
0.0,0.6295654
6.385194398997726,6.3368654
0.0,0.03175593
0.6931471805599453,0.5714699
1.0986122886681098,1.8644695
1.6094379124341005,1.4955087
5.3981627015177525,5.141559
3.9318256327243257,3.6578326
4.983606621708336,5.3510156
0.0,0.29504558
3.218875824868201,2.433665
0.0,0.08018614
0.0,-0.005805985
5.075173815233827,5.019948
6.028278520230698,5.2271886
3.610917912644224,3.3299448
0.0,0.043617923
9.060447282401563,8.7352705
1.3862943611198906,1.2757427
1.6094379124341005,0.3247134
3.044522437723423,3.2561824
3.688879454113936,3.5224597
0.0,0.02414747
4.653960350157523,4.3266463
6.584791392385716,6.118249
0.0,0.52219015
1.6094379124341005,1.7056254
1.0986122886681098,0.65850836
6.274762021241939,6.427785
0.0,0.01634889
3.091042453358316,3.440748
5.365976015021851,4.512734
2.3978952727983707,1.9698192
2.079441541679836,1.3137549
3.8918202981106265,3.7398741
1.6094379124341005,0.25086862
0.0,0.14652134
2.70805020110221,2.5575027
4.584967478670572,4.279018
6.508769136971682,6.4311686
0.0,0.26606148
0.6931471805599453,2.0238008
2.4849066497880004,1.8652371
1.0986122886681098,0.40490317
5.303304908059076,5.550595
0.0,0.62994576
5.241747015059643,4.08163
2.19722457733622,1.688499
6.030685260261263,5.1424184
1.791759469228055,3.3067856
4.663439094112067,3.0189185
1.791759469228055,2.8801599
4.543294782270004,3.9579859
0.0,0.62174416
0.6931471805599453,0.49578792
0.6931471805599453,1.2184559
0.6931471805599453,0.54401356
3.044522437723423,2.3182404
5.0369526024136295,4.3917484
0.6931471805599453,1.7282116
4.454347296253507,4.308744
1.6094379124341005,2.5710287
1.6094379124341005,2.8711545
1.3862943611198906,1.4447021
4.74493212836325,4.5195904
4.276666119016055,3.9459677
3.332204510175204,2.6877756
4.584967478670572,4.1886177
1.0986122886681098,1.2351854
0.0,0.25046855
0.0,0.16397789
3.044522437723423,1.5029435
2.079441541679836,1.577403
4.890349128221754,4.799468
2.079441541679836,1.0431898
8.289539484624141,8.357054
0.6931471805599453,0.16105478
0.0,0.07972686
0.6931471805599453,0.5043546
0.0,0.2156421
0.0,2.2304971
0.0,0.16261557
0.0,0.17088358
0.6931471805599453,1.1015122
0.6931471805599453,1.2360232
0.0,0.06430076
0.6931471805599453,0.27095053
5.58724865840025,5.1519012
3.610917912644224,3.7170956
3.828641396489095,4.5912743
2.4849066497880004,1.8194779
6.184148890937483,5.3274055
6.519147287940395,5.4826283
6.0112671744041615,5.225285
1.3862943611198906,0.3648727
4.532599493153256,5.582129
3.9889840465642745,3.3096948
1.3862943611198906,1.7592885
1.791759469228055,1.6770006
1.9459101490553128,1.7184854
0.6931471805599453,0.7271624
2.4849066497880004,3.3355994
2.19722457733622,1.2365036
0.0,0.15169005
4.867534450455582,4.6432986
0.6931471805599453,0.089381665
0.0,0.20030278
0.0,0.034498427
0.0,0.6870983
0.0,0.9683172
2.8903717578961645,3.2928233
7.301822342137932,7.4713616
1.0986122886681098,0.48694968
0.0,0.0429095
0.0,1.204375
1.9459101490553128,1.3743451
5.2832037287379885,5.227066
0.0,0.13774824
0.0,0.21191964
0.0,0.22925863
4.584967478670572,3.8357408
2.4849066497880004,2.89465
0.0,1.7144593
0.0,0.16814595
2.8903717578961645,2.9630795
3.8501476017100575,4.2450027
0.0,0.47355503
3.9318256327243257,1.9356434
0.6931471805599453,0.23837282
1.791759469228055,1.1343595
0.6931471805599453,1.5098495
7.10085190894405,6.682315
0.6931471805599453,0.17841204
0.0,0.3020404
7.553810852008231,7.668315
0.0,0.13095741
2.19722457733622,2.0462823
1.6094379124341005,1.244232
4.997212273764115,4.712563
0.6931471805599453,1.9980607
5.552959584921617,3.7976165
1.6094379124341005,0.6923135
4.836281906951478,3.848536
2.5649493574615367,2.5044627
2.70805020110221,2.9603114
4.343805421853684,4.1736126
1.791759469228055,2.4601767
0.0,0.03630059
3.367295829986474,2.2290218
1.791759469228055,0.69324285
9.169976605786628,8.799012
1.791759469228055,1.1236895
7.525639975041535,8.181002
8.043984431221553,7.4624877
1.3862943611198906,1.6153407
1.0986122886681098,0.69921017
0.0,0.9937135
3.737669618283368,3.2523875
2.3978952727983707,0.6785958
3.8918202981106265,4.9606466
5.513428746164983,2.821039
0.0,0.23139966
1.3862943611198906,1.2041796
5.976350909297934,5.347765
4.465908118654584,4.16083
3.367295829986474,4.361588
1.9459101490553128,3.2360759
2.079441541679836,1.2379909
3.7612001156935615,5.2278423
0.0,0.20032024
2.079441541679836,2.1123316
1.6094379124341005,2.1568954
4.356708826689592,3.0422466
1.6094379124341005,2.3294683
0.0,0.58627087
4.356708826689592,3.539908
0.0,0.39448914
8.173575486634153,7.3826895
0.6931471805599453,1.2097766
1.6094379124341005,1.3383684
3.295836866004329,3.1884499
1.0986122886681098,1.7226441
2.995732273553991,2.7482672
3.044522437723423,2.614227
1.3862943611198906,0.8518633
0.6931471805599453,0.5077662
0.6931471805599453,0.581081
0.0,0.63851875
5.030437921392435,3.4245036
4.204692619390966,5.0771317
0.0,1.0300105
0.0,0.376797
0.0,0.16371675
3.1354942159291497,3.9289997
3.218875824868201,2.9691126
2.3978952727983707,3.143902
1.6094379124341005,0.25156856
0.6931471805599453,0.4589785
0.0,0.031957876
1.3862943611198906,1.427685
0.0,0.18023792
2.995732273553991,3.655295
0.6931471805599453,1.6127075
0.0,0.1586187
1.3862943611198906,2.2295537
0.0,0.116425045
1.0986122886681098,2.0276935
0.0,0.32367772
0.6931471805599453,0.4165033
2.6390573296152584,2.959695
0.0,0.43554813
1.6094379124341005,0.5113647
5.303304908059076,5.2987995
3.1780538303479458,3.943049
4.143134726391533,4.6396294
3.4657359027997265,3.4611576
0.0,0.14355448
2.079441541679836,2.084431
4.990432586778736,4.356085
0.0,0.29795793
0.0,0.38817084
0.0,0.023113884
1.3862943611198906,1.4485663
2.079441541679836,1.4143835
2.302585092994046,2.7376208
0.0,0.23099218
1.6094379124341005,1.3079615
0.0,0.3359935
6.902742737158593,5.491443
4.691347882229144,4.1304836
2.70805020110221,5.2244453
4.248495242049359,4.635446
1.3862943611198906,0.58641225
5.786897381366708,5.9662766
0.0,0.059242677
0.0,-0.03743889
3.828641396489095,3.995313
4.852030263919617,4.7621803
1.3862943611198906,2.60615
1.791759469228055,0.7061584
2.3978952727983707,0.21596877
8.15162164696975,8.412549
0.6931471805599453,1.2709311
1.3862943611198906,1.935329
1.3862943611198906,0.46582317
2.772588722239781,2.4948285
0.0,0.06726013
2.19722457733622,2.155253
9.169976605786628,8.582777
8.458716261657262,5.108147
1.3862943611198906,0.7231858
0.0,0.38916397
3.80666248977032,2.90032
5.961005339623274,5.4853816
0.0,0.051280517
4.8283137373023015,5.2192287
2.833213344056216,2.7276845
2.8903717578961645,2.4274309
6.877296071497429,7.122879
0.0,1.4668598
0.6931471805599453,1.5358566
0.6931471805599453,1.1955557
0.0,0.53217816
7.886832998955056,8.068976
0.0,0.73676646
3.218875824868201,3.1344295
5.049856007249537,4.8168907
1.3862943611198906,0.9553696
5.3981627015177525,6.0667057
4.07753744390572,4.474285
2.5649493574615367,1.6800296
0.0,0.29530138
4.248495242049359,4.326336
3.295836866004329,3.876474
0.6931471805599453,0.29509023
0.0,0.37312943
5.384495062789089,5.4509583
6.961296045910167,6.8374457
2.5649493574615367,1.8993444
2.995732273553991,2.8776982
1.791759469228055,2.457917
0.0,0.16765757
0.0,0.0845725
9.09952053687094,7.1339626
4.912654885736052,4.2715044
0.0,0.5355425
0.0,0.4595359
0.0,0.094239384
1.6094379124341005,1.9022871
6.115892125483034,6.4898734
3.367295829986474,4.197292
2.302585092994046,2.5619192
2.772588722239781,2.9505446
4.204692619390966,4.4416366
4.248495242049359,4.153471
2.6390573296152584,1.7824218
2.70805020110221,2.2368386
1.9459101490553128,1.957476
1.0986122886681098,1.8792604
1.3862943611198906,1.2138072
3.367295829986474,3.6258585
0.0,0.0051591336
0.6931471805599453,1.5195615
1.791759469228055,1.6144915
0.0,0.42614102
0.0,0.0270257
2.302585092994046,2.238118
4.532599493153256,3.9641912
3.091042453358316,1.7010635
6.159095388491933,5.878404
2.079441541679836,1.268824
3.80666248977032,3.3658679
1.791759469228055,1.5634128
4.5217885770490405,2.8099873
6.907755278982137,7.2434187
0.0,0.36645538
2.5649493574615367,3.3152049
0.0,0.15968275
2.5649493574615367,2.475266
2.8903717578961645,2.3918707
0.6931471805599453,1.1245807
1.0986122886681098,1.7679827
1.0986122886681098,1.4440082
1.0986122886681098,0.52119327
1.0986122886681098,0.34036598
2.079441541679836,1.4930022
0.0,0.06843343
0.0,0.24963006
4.68213122712422,4.6965537
0.0,0.029316429
4.934473933130692,4.68589
0.0,0.36745158
2.4849066497880004,0.9868441
3.4011973816621555,2.7076006
0.0,0.43289065
1.9459101490553128,2.3620157
2.6390573296152584,2.9548643
2.5649493574615367,1.3361112
1.0986122886681098,0.4044596
0.0,0.32904172
0.6931471805599453,0.48035195
2.4849066497880004,2.9652755
0.0,-0.021543404
3.912023005428146,4.8392243
0.0,1.2587057
0.0,0.10177182
0.6931471805599453,0.46915397
2.3978952727983707,1.9490917
4.110873864173311,2.985337
3.044522437723423,2.7085993
2.772588722239781,2.910443
0.0,0.52532965
0.0,0.52812284
1.791759469228055,2.5527282
0.0,0.43076584
7.113956109566034,7.1769514
0.6931471805599453,0.46084192
0.6931471805599453,0.41374376
0.0,0.4121194
1.3862943611198906,1.5163758
7.537430036586509,7.994485
1.0986122886681098,1.0736545
0.6931471805599453,1.0829238
5.075173815233827,4.785751
1.0986122886681098,1.7498969
3.4011973816621555,2.9087825
2.8903717578961645,1.4945335
1.791759469228055,0.9870268
0.6931471805599453,0.40993893
0.0,0.024764601
5.968707559985366,5.696251
0.0,0.361777
5.056245805348308,5.032735
0.6931471805599453,1.2377179
2.079441541679836,1.4475135
3.1780538303479458,3.6005232
4.04305126783455,4.5749774
0.6931471805599453,0.28026512
2.19722457733622,2.0932817
1.6094379124341005,0.7858163
0.0,0.051101234
2.079441541679836,2.211118
1.791759469228055,1.4509661
2.3978952727983707,2.5337822
4.59511985013459,4.88279
0.0,0.24842682
5.752572638825633,5.2353597
5.541263545158426,5.6555343
5.407171771460119,5.1676283
0.0,0.14196444
2.079441541679836,1.3760798
5.768320995793772,6.275672
1.0986122886681098,1.0873423
0.0,0.45474604
1.791759469228055,1.7517726
6.684611727667927,6.192498
8.57828829077605,8.270163
0.0,1.132661
0.0,0.13865575
0.6931471805599453,1.3846419
3.1780538303479458,3.506862
5.19295685089021,5.1200447
0.0,0.5163316
6.192362489474872,6.5321116
0.6931471805599453,1.5119236
4.59511985013459,4.7523766
3.9318256327243257,3.6536503
2.6390573296152584,3.333252
5.14166355650266,5.7461114
6.928537818164665,6.1127167
6.198478716492308,4.8517137
4.30406509320417,4.721267
0.0,0.71978307
2.302585092994046,1.9595687
4.394449154672439,3.4078472
3.6375861597263857,3.4132438
0.6931471805599453,4.779527
0.0,0.45888352
2.70805020110221,2.7147555
4.343805421853684,4.5498495
3.1354942159291497,3.001771
0.0,0.033325087
1.0986122886681098,0.40811846
1.3862943611198906,2.2654383
1.0986122886681098,0.3349268
4.700480365792417,5.0736527
1.0986122886681098,0.6742865
0.0,0.03683799
4.624972813284271,4.436335
2.4849066497880004,2.4838352
1.3862943611198906,0.81717706
3.367295829986474,3.1107643
1.791759469228055,1.9323393
0.6931471805599453,0.050109666
2.079441541679836,2.7808008
4.605170185988092,2.4614086
0.6931471805599453,0.01761224
1.6094379124341005,0.8083833
0.0,0.15523371
0.0,0.15564042
6.883462586413092,8.172413
2.5649493574615367,2.2666414
0.0,0.6713449
1.0986122886681098,1.7310182
1.0986122886681098,1.141349
4.564348191467836,5.278344
6.455198563340122,7.0277295
8.061486866871327,7.1805716
0.0,0.4277604
0.0,0.18993682
1.0986122886681098,1.0586399
5.087596335232384,3.7250147
0.0,0.344613
0.6931471805599453,0.5458711
3.9889840465642745,4.2079344
1.0986122886681098,0.5960912
0.0,0.18592015
6.9865664594064265,7.6857834
4.290459441148391,6.088887
4.23410650459726,3.447596
0.0,0.16642807
3.4011973816621555,2.2899933
4.07753744390572,4.111693
3.091042453358316,3.5509832
2.70805020110221,2.943945
0.0,0.24220549
6.699500340161678,7.378193
1.791759469228055,2.567713
2.302585092994046,2.0818248
5.82600010738045,5.9501286
1.3862943611198906,1.1221192
1.9459101490553128,1.759842
3.80666248977032,3.7780225
4.543294782270004,4.7880673
6.56244409369372,6.4288473
9.169976605786628,4.867752
2.302585092994046,2.0409687
1.6094379124341005,1.543522
6.736966958001855,6.406382
0.0,0.08200768
6.9865664594064265,7.591708
2.8903717578961645,3.226193
2.6390573296152584,3.4367626
1.0986122886681098,0.29583263
2.079441541679836,1.2595598
4.174387269895637,6.6957073
3.871201010907891,3.3235676
2.4849066497880004,1.959235
0.0,0.29325703
0.0,1.5728542
3.871201010907891,3.2272658
2.70805020110221,1.6551135
0.0,0.0047855275
0.0,0.026490225
0.0,0.17940998
0.0,0.36256915
2.079441541679836,2.455793
0.0,0.49744597
0.6931471805599453,0.9464962
0.0,0.34867576
0.0,0.16710007
0.0,0.08724328
1.0986122886681098,0.41292134
0.0,0.71961427
0.0,0.07155975
4.02535169073515,3.7805166
1.3862943611198906,1.2948123
0.0,0.848936
1.3862943611198906,1.9090425
3.58351893845611,2.8323908
0.0,1.0323863
0.6931471805599453,1.4431223
2.19722457733622,0.743245
0.6931471805599453,1.4846009
2.4849066497880004,2.1814694
2.302585092994046,1.9482849
5.075173815233827,5.0177665
2.3978952727983707,0.7685865
0.0,0.8749492
4.882801922586371,5.010331
0.0,0.08488273
4.795790545596741,3.4986641
5.993961427306569,5.8333626
5.308267697401205,3.5634463
2.5649493574615367,3.0431795
4.6443908991413725,4.6062427
4.356708826689592,4.5626144
0.6931471805599453,0.014807615
0.0,0.21969002
1.6094379124341005,1.2660311
7.167809184316444,7.80145
0.0,0.22118427
2.833213344056216,3.64992
4.955827057601261,4.40901
0.0,0.109187976
0.0,0.06771649
0.6931471805599453,2.1793659
2.079441541679836,1.7657726
4.02535169073515,3.6549492
1.6094379124341005,1.9535882
0.0,-0.014556825
3.258096538021482,3.3168566
0.0,1.2955081
5.755742213586912,4.7789392
3.332204510175204,2.0601163
0.6931471805599453,2.2883933
2.4849066497880004,2.4932349
3.688879454113936,2.9908557
1.6094379124341005,1.4140341
1.9459101490553128,2.7420282
1.3862943611198906,1.2427881
1.791759469228055,0.81009966
9.169976605786628,8.746255
2.3978952727983707,1.9248708
1.0986122886681098,4.6953945
2.772588722239781,2.6691592
4.219507705176107,4.2523417
0.0,0.3473915
1.3862943611198906,2.910423
0.6931471805599453,0.51267433
0.0,0.7124117
1.0986122886681098,0.6724694
2.302585092994046,2.0754037
1.791759469228055,1.3406022
1.0986122886681098,0.6700069
1.0986122886681098,2.0237179
6.077642243349034,6.5195274
2.3978952727983707,1.4116544
0.0,0.02905716
0.6931471805599453,0.39994466
0.6931471805599453,0.86978424
4.060443010546419,3.3424852
4.543294782270004,4.4225793
1.3862943611198906,1.515944
8.68406264365127,8.49555
1.0986122886681098,0.65659094
0.0,0.07691864
0.6931471805599453,0.5315552
1.0986122886681098,0.96291757
7.975908360165538,8.123609
0.0,0.08566352
4.691347882229144,4.631645
9.169976605786628,8.971785
5.855071922202427,6.1809425
2.079441541679836,2.970874
6.98933526597456,6.448909
0.6931471805599453,0.30109543
2.19722457733622,1.4284073
2.772588722239781,2.2941594
1.0986122886681098,1.9100156
2.6390573296152584,0.605773
5.117993812416755,5.169675
1.0986122886681098,0.7219573
4.174387269895637,4.9897304
5.062595033026967,4.708568
4.356708826689592,3.9480076
0.0,0.099459164
0.0,0.42019868
0.0,0.0652052
0.0,1.1594489
3.218875824868201,1.0895715
0.0,0.03356672
2.9444389791664403,5.3964596
0.6931471805599453,0.2931369
0.0,0.04742764
0.0,0.20032729
1.3862943611198906,1.4173758
0.0,0.10814113
0.0,0.6240382
0.0,0.72372675
6.495265555937008,6.948248
1.3862943611198906,1.4359744
0.0,0.52287394
0.6931471805599453,0.7462614
3.610917912644224,2.7745318
0.0,0.3138366
6.699500340161678,6.292101
0.0,1.036516
6.511745329644728,7.162582
3.49650756146648,3.2928324
5.351858133476067,4.4631515
0.0,0.06399603
1.791759469228055,2.2249005
1.3862943611198906,2.5090322
2.079441541679836,4.019372
1.6094379124341005,1.6250796
6.907755278982137,6.7725472
0.0,0.041491788
2.3978952727983707,1.6352676
0.6931471805599453,1.8967172
3.8918202981106265,3.8081746
3.1354942159291497,4.1082554
0.0,0.9584296
1.6094379124341005,1.4474217
3.091042453358316,3.2141578
2.19722457733622,3.8980315
1.0986122886681098,1.0904752
0.0,0.091029
0.6931471805599453,0.7867354
6.22455842927536,6.913467
4.454347296253507,4.2580433
2.6390573296152584,1.5916079
0.0,0.123070315
0.0,0.073560126
1.3862943611198906,0.5185097
0.0,1.7701437
0.0,0.09007053
1.0986122886681098,0.43169537
6.269096283706261,6.272718
5.3706380281276624,5.4543853
2.19722457733622,1.3290471
1.791759469228055,1.071382
3.912023005428146,1.9648066
3.4657359027997265,3.6614428
8.231642179973411,8.1034
0.0,0.56455463
0.6931471805599453,0.036337364
1.3862943611198906,1.2069346
2.19722457733622,1.9578288
2.4849066497880004,2.366757
6.795705775173514,5.8488994
0.0,0.046680108
0.6931471805599453,0.4328865
5.942799375126701,5.883192
0.0,0.4078814
3.871201010907891,4.7614465
4.23410650459726,3.5018332
0.6931471805599453,0.6217142
2.3978952727983707,1.5552148
1.0986122886681098,2.022102
2.302585092994046,3.148063
0.0,0.03585545
4.219507705176107,3.5989861
1.6094379124341005,1.8411524
0.0,0.08444608
1.0986122886681098,0.9155013
2.772588722239781,2.7396805
9.169976605786628,9.005013
4.382026634673881,4.7039113
3.044522437723423,3.6924293
0.0,0.38245443
2.302585092994046,1.346307
6.55250788703459,6.5655723
0.0,0.17834099
4.653960350157523,3.1826513
2.70805020110221,1.7189847
0.6931471805599453,0.60905135
3.58351893845611,3.1779668
1.0986122886681098,0.99680525
0.0,0.043595638
5.556828061699537,6.1993113
0.0,1.4015853
0.0,1.4306612
2.3978952727983707,2.1193721
8.128290171607052,8.219725
3.332204510175204,2.3284485
0.0,0.019496087
2.079441541679836,2.4555738
3.5263605246161616,3.0291042
3.912023005428146,3.0447962
2.4849066497880004,2.9740062
4.875197323201151,4.9932995
1.9459101490553128,2.7109857
2.302585092994046,2.4083335
0.6931471805599453,0.82768196
1.6094379124341005,2.3147473
0.0,0.508991
0.6931471805599453,0.3028804
0.6931471805599453,0.35112545
3.58351893845611,3.1184769
4.574710978503383,4.666316
3.6375861597263857,4.176238
4.672828834461906,3.7526348
3.6375861597263857,6.288383
7.231287004327616,7.341421
0.0,0.13892996
0.6931471805599453,0.33015376
0.6931471805599453,0.6409517
0.0,0.055326853
0.0,0.33853728
5.971261839790462,6.117079
0.0,0.056984704
4.204692619390966,4.7089543
3.044522437723423,2.7993214
0.6931471805599453,0.11790771
0.0,0.10667312
8.018954683155718,8.242835
0.0,0.11089066
4.110873864173311,4.2972565
1.791759469228055,2.4951458
4.060443010546419,4.586072
3.9318256327243257,4.1101055
0.0,0.038085893
0.0,0.06150469
0.6931471805599453,0.75041634
0.0,0.23775727
1.6094379124341005,1.9879841
2.302585092994046,2.281957
0.0,0.1653944
4.969813299576001,4.9794617
3.367295829986474,3.4150054
0.0,0.22013077
4.276666119016055,4.6599255
7.066466970136958,7.4515233
0.0,0.33888245
3.9889840465642745,3.9043021
4.07753744390572,6.211513
4.51085950651685,4.0586076
1.0986122886681098,0.59369135
7.247080584585756,7.1751046
6.467698726104354,6.369343
6.0473721790462776,5.4424872
5.799092654460526,5.7386928
0.0,0.1911247
0.6931471805599453,0.22341749
0.0,0.0854574
2.19722457733622,2.4968307
0.6931471805599453,0.46632892
4.770684624465665,4.417479
8.060855752934316,7.9008284
7.255591274253665,7.5318823
1.0986122886681098,0.5625612
0.0,0.035350993
0.6931471805599453,0.22652319
2.5649493574615367,0.93402565
4.736198448394496,4.751924
2.3978952727983707,1.9829015
2.302585092994046,2.3446302
2.079441541679836,1.8850343
6.586171654854675,6.60891
4.330733340286331,4.4610314
0.0,0.16368905
1.3862943611198906,1.8988819
2.6390573296152584,1.1643084
0.0,0.3541596
0.0,0.08507792
0.0,0.20345096
6.889591308354466,6.321839
0.0,0.04599489
6.738152494595957,6.343857
1.0986122886681098,0.5518281
4.477336814478207,4.9659085
0.6931471805599453,0.122229956
0.6931471805599453,2.3656638
3.091042453358316,3.377719
0.0,-0.007279104
1.791759469228055,2.2948985
2.772588722239781,1.8170615
0.0,0.4685673
0.6931471805599453,1.9150102
5.68697535633982,4.699894
2.302585092994046,2.1111825
2.302585092994046,0.7189224
0.0,0.060592264
0.0,0.33064002
0.0,0.15050529
3.332204510175204,2.7217605
1.0986122886681098,1.5949949
0.0,0.044215094
3.7612001156935615,3.0446367
0.0,0.32017288
0.0,0.3359943
2.3978952727983707,1.5677797
2.772588722239781,2.3338935
0.0,0.0551551
3.737669618283368,3.508468
2.4849066497880004,2.511094
0.0,0.31452078
3.4657359027997265,3.8708227
4.219507705176107,4.1844735
0.6931471805599453,1.5805528
3.80666248977032,2.864975
1.3862943611198906,1.4369311
2.9444389791664403,3.1237242
3.784189633918261,3.4977882
0.0,0.09196667
3.4011973816621555,2.3793285
0.6931471805599453,0.648856
7.651595573857601,7.553104
7.262628600974241,6.738961
5.209486152841421,3.8034456
0.6931471805599453,1.1272306
1.9459101490553128,2.0076783
1.0986122886681098,1.5351666
5.717027701406222,5.975996
2.8903717578961645,2.2508304
0.0,0.10125428
2.079441541679836,1.1394364
3.044522437723423,3.9402797
0.6931471805599453,1.125447
0.0,0.1903445
0.6931471805599453,0.08075982
1.791759469228055,1.7289101
2.302585092994046,1.9123561
1.0986122886681098,1.3032709
2.8903717578961645,2.274013
8.911934336161426,8.865266
5.41610040220442,4.7635274
0.0,0.64564025
0.6931471805599453,0.4359884
3.091042453358316,1.1515014
0.0,0.039920654
0.0,0.14361744
7.027314514039777,5.949131
4.248495242049359,4.7719264
1.791759469228055,1.1312846
0.0,0.1472815
2.302585092994046,2.2729864
0.0,0.50014114
0.6931471805599453,1.4781808
4.02535169073515,3.6516802
2.3978952727983707,1.6849653
5.676753802268282,7.749778
8.700847193443972,5.142816
2.6390573296152584,2.1054993
4.343805421853684,4.5438986
0.0,0.3517072
1.0986122886681098,0.91183996
4.68213122712422,4.1753182
1.3862943611198906,1.8712114
4.143134726391533,4.1889696
6.163314804034641,6.4877396
6.516193076042964,7.438929
0.0,0.07303434
4.68213122712422,4.848326
0.0,0.25827616
1.6094379124341005,0.5436465
2.772588722239781,2.186939
7.57455848420248,7.388126
0.0,0.18268651
1.0986122886681098,1.9246534
0.6931471805599453,0.7461242
3.688879454113936,1.8823465
0.0,0.2775374
0.0,0.36928284
4.0943445622221,3.6111798
2.6390573296152584,1.7186328
0.6931471805599453,1.4014128
4.02535169073515,4.0790076
2.6390573296152584,2.037306
7.938088726896952,8.948164
7.480992162869525,8.311405
4.74493212836325,4.640027
4.844187086458591,4.6685414
1.0986122886681098,1.4205062
1.791759469228055,1.7348992
0.0,0.09929923
0.0,1.370717
2.079441541679836,1.3085346
0.6931471805599453,0.6987155
5.43372200355424,5.709147
0.6931471805599453,0.7034272
0.0,0.005256624
0.0,0.15228508
0.0,0.07745939
1.3862943611198906,1.4185375
1.0986122886681098,0.13940379
0.6931471805599453,0.62351394
2.4849066497880004,3.2571676
3.610917912644224,2.7721088
3.49650756146648,3.1068902
0.6931471805599453,0.56959295
0.0,0.15298037
1.6094379124341005,2.0828247
4.219507705176107,4.8988156
5.834810737062605,5.7596617
0.6931471805599453,0.085787185
0.0,0.69836575
5.777652323222656,6.0594344
3.332204510175204,3.3997588
0.0,0.08751724
6.878326468291325,6.2627597
4.844187086458591,4.3811827
1.3862943611198906,1.3552775
1.3862943611198906,1.521486
0.0,0.010473048
4.04305126783455,4.3295236
2.079441541679836,5.104887
2.4849066497880004,0.37482983
0.6931471805599453,0.36604992
1.3862943611198906,0.33034092
2.8903717578961645,1.923488
4.23410650459726,4.428311
0.0,0.058475047
0.0,0.36020046
1.3862943611198906,1.5884343
9.169976605786628,8.806095
1.9459101490553128,1.1739073
2.9444389791664403,0.9412929
1.3862943611198906,0.6471437
4.574710978503383,4.9403677
3.5263605246161616,3.514206
0.0,0.08179832
5.560681631015528,5.5815506
0.0,0.064279556
2.772588722239781,3.3535447
0.0,0.5469157
0.0,0.6439387
0.0,0.083083734
2.3978952727983707,3.429786
0.6931471805599453,0.35702693
0.6931471805599453,0.4364386
0.6931471805599453,0.3614067
4.736198448394496,4.64221
3.5263605246161616,4.1977515
0.0,1.793465
2.6390573296152584,1.6470912
0.0,0.5867811
0.6931471805599453,0.5501848
4.51085950651685,3.382618
3.4657359027997265,2.9793265
4.653960350157523,5.455136
4.584967478670572,3.3940918
0.0,0.07743388
1.6094379124341005,2.926692
1.3862943611198906,0.44603744
5.921578419643816,4.738157
4.343805421853684,4.7405577
3.1354942159291497,1.4638834
4.574710978503383,4.836027
0.0,1.1502445
0.6931471805599453,0.78921
2.5649493574615367,2.3341177
2.70805020110221,3.052787
8.696510239189893,8.336947
0.6931471805599453,0.1306839
6.018593214496234,5.115254
0.6931471805599453,1.8913819
0.0,0.050021544
2.70805020110221,2.9570708
4.762173934797756,5.1176553
0.0,0.004581247
0.0,0.6044218
3.091042453358316,2.1155858
0.0,0.6786962
2.5649493574615367,2.574769
6.732210706467206,6.35914
0.0,0.27520695
0.6931471805599453,0.3263237
3.80666248977032,1.9569733
3.951243718581428,3.6883879
2.5649493574615367,0.35581675
9.169976605786628,8.261077
1.6094379124341005,1.8568451
1.3862943611198906,1.2488205
0.0,0.101303406
0.0,0.2494107
1.791759469228055,2.3237429
7.569927655242652,6.6773357
0.0,0.010700919
0.0,0.12011561
0.0,0.52678734
7.910957382845589,8.405591
2.302585092994046,2.7928333
3.044522437723423,2.9415233
4.795790545596741,4.5733533
0.0,0.6704592
4.74493212836325,3.3603735
6.285998094508865,6.55437
3.737669618283368,3.7805479
0.0,0.5711302
0.0,0.20708875
3.091042453358316,3.2171474
0.0,0.29920492
0.0,0.041162584
0.6931471805599453,0.315171
7.53689712956617,7.831188
0.0,0.10053498
0.0,0.2078983
0.0,0.24897006
0.0,0.28563574
2.6390573296152584,1.362193
0.0,0.0077337804
6.954638864880987,5.985927
0.0,0.0014111818
3.258096538021482,2.4495804
0.0,0.3470086
1.3862943611198906,1.3062166
0.0,1.1371197
1.6094379124341005,1.2876945
3.4339872044851463,3.405199
2.302585092994046,2.2352898
0.0,0.8761259
2.4849066497880004,1.1189882
5.293304824724492,4.9322886
1.0986122886681098,0.3783285
4.465908118654584,4.785885
9.169976605786628,8.362302
1.3862943611198906,1.3050374
1.3862943611198906,1.841096
0.0,0.31923842
2.772588722239781,2.9682982
0.0,1.113253
1.6094379124341005,0.76559174
1.6094379124341005,1.6310612
4.553876891600541,3.0458415
5.472270673671475,5.458258
0.0,0.063996136
0.0,0.043509558
0.0,0.25813198
0.0,0.22360459
3.58351893845611,2.890314
5.7745515455444085,4.246436
0.6931471805599453,0.20757659
5.342334251964811,5.2134457
4.844187086458591,3.2476735
0.0,0.08637135
1.0986122886681098,2.1029856
1.791759469228055,1.6415509
0.0,0.4175613
0.0,0.29325515
2.9444389791664403,1.5589678
2.70805020110221,2.275787
0.6931471805599453,1.4976585
0.0,0.032508865
0.0,0.7820729
0.0,0.2724694
0.0,0.9183764
0.0,0.75699294
0.6931471805599453,1.1921422
0.0,0.16972199
3.6635616461296463,3.7247376
0.0,1.0713807
0.0,0.083099246
6.522092798170152,5.2347407
3.1780538303479458,2.8795576
3.951243718581428,3.4917138
0.6931471805599453,1.6083033
2.3978952727983707,2.6582975
1.6094379124341005,2.6470008
0.0,0.0415816
5.849324779946859,5.0282097
3.713572066704308,2.9570665
0.0,0.046483975
2.6390573296152584,1.2180691
7.452402451223638,6.8534784
0.0,0.09496061
3.258096538021482,3.2413197
1.6094379124341005,1.8439871
5.3612921657094255,4.96535
1.0986122886681098,2.0371053
3.332204510175204,2.3423903
3.970291913552122,4.7019744
1.3862943611198906,0.3309951
0.0,0.8344182
0.0,0.05769692
0.0,0.16551629
0.0,0.15175904
2.70805020110221,2.3922234
2.302585092994046,0.73865384
0.0,0.13029899
4.795790545596741,4.686077
0.0,0.13159585
3.218875824868201,3.342212
0.0,0.2116475
0.0,0.47425205
4.5217885770490405,3.5522254
0.6931471805599453,0.8263093
1.791759469228055,1.7819407
0.0,0.11299905
2.70805020110221,2.164247
0.0,0.36427152
2.6390573296152584,0.54803354
2.302585092994046,1.8679557
3.6635616461296463,2.2607458
7.400620577371135,6.766662
3.49650756146648,3.68416
1.0986122886681098,1.201933
0.0,1.4127525
0.6931471805599453,1.7690959
4.770684624465665,5.5871773
6.586171654854675,6.663096
0.0,0.08736551
8.258422462458876,8.441955
5.049856007249537,4.72757
0.6931471805599453,0.28701726
0.6931471805599453,0.47588158
1.6094379124341005,1.4920406
4.382026634673881,4.6687512
3.912023005428146,3.1526499
4.204692619390966,4.1189065
6.322565239927284,5.7185745
2.833213344056216,2.9272356
0.0,0.008205641
3.871201010907891,4.1557913
0.0,1.1552843
3.218875824868201,3.242524
2.772588722239781,3.396413
1.6094379124341005,0.040275425
2.70805020110221,2.4884086
4.174387269895637,1.5658188
2.70805020110221,2.3870702
3.367295829986474,3.0726979
0.6931471805599453,0.5473435
3.713572066704308,3.8713644
0.0,0.36207572
5.220355825078324,5.325907
1.0986122886681098,0.33164373
1.6094379124341005,1.6575906
2.079441541679836,1.8500022
0.0,0.5884789
0.0,0.30532923
8.108021221376747,7.7049866
0.0,0.4499334
7.303843225277705,5.257436
0.0,1.0007355
0.0,0.02089885
1.0986122886681098,1.9823211
4.219507705176107,3.5306466
0.0,0.12286217
7.126087273299125,7.269674
0.0,0.0120138135
9.169976605786628,8.63471
5.501258210544727,4.485609
1.791759469228055,1.9405533
1.0986122886681098,0.61679095
6.9167150203536085,6.449423
3.610917912644224,3.959849
3.1780538303479458,3.0049727
1.791759469228055,2.121573
1.0986122886681098,1.6416667
0.6931471805599453,0.5162385
3.912023005428146,4.679487
0.0,0.34422374
5.799092654460526,5.9779243
5.968707559985366,7.7906823
0.0,0.022401402
3.713572066704308,3.612288
0.0,0.22676787
3.1354942159291497,1.7511507
0.0,0.02557217
3.4657359027997265,2.9449654
0.0,0.5127866
0.0,0.71602786
5.159055299214529,4.2016993
3.332204510175204,1.1257932
6.401917196727186,6.3671427
4.3694478524670215,3.9859471
5.1298987149230735,5.289475
2.9444389791664403,2.3219075
3.713572066704308,4.170269
1.6094379124341005,0.81010854
4.605170185988092,3.8542244
4.127134385045092,4.0689545
5.955837369464831,6.3030114
0.0,0.06069959
2.3978952727983707,2.9234097
5.583496308781699,4.2605495
0.0,0.074482135
2.9444389791664403,1.7500017
5.891644211825772,4.582015
5.730099782973574,5.945896
0.0,0.04605715
0.0,0.012841451
6.968850378341948,6.456537
0.0,0.12552276
0.0,0.14008652
2.079441541679836,2.7622032
1.9459101490553128,2.024493
1.6094379124341005,0.8356267
0.0,0.1656837
0.0,0.068326294
2.19722457733622,1.1675369
2.4849066497880004,2.0082061
8.546169299652755,7.292091
3.4657359027997265,3.7888696
4.158883083359672,4.3559356
0.0,0.5597872
4.499809670330265,4.3072596
4.418840607796598,3.411996
0.0,0.33013803
3.5263605246161616,3.891488
7.047517221357296,6.801837
1.3862943611198906,1.4307523
3.6635616461296463,2.6590645
0.0,0.06418024
2.995732273553991,3.6402826
2.3978952727983707,2.7215555
0.0,0.17887485
1.3862943611198906,0.41070864
1.0986122886681098,0.9166607
0.6931471805599453,1.2922868
6.068425588244111,6.1422424
1.791759469228055,1.290315
0.0,0.4735903
2.772588722239781,1.3388816
5.905361848054571,4.4919257
5.41164605185504,4.881348
5.579729825986222,4.861178
4.406719247264253,3.4802442
7.504942068396171,7.6238446
0.0,0.2779283
1.3862943611198906,2.5180628
0.0,0.12726407
5.3981627015177525,4.167357
2.772588722239781,3.0981867
3.784189633918261,1.8987434
5.541263545158426,6.257348
7.018401799069201,6.746457
0.0,0.7594549
4.060443010546419,3.7947943
0.0,0.8574612
3.49650756146648,2.672459
0.0,0.14144808
1.6094379124341005,1.9201792
3.091042453358316,3.6096542
3.218875824868201,2.2257571
0.6931471805599453,0.18570872
0.0,1.0414062
2.302585092994046,2.439098
5.10594547390058,5.435261
4.31748811353631,4.944509
9.169976605786628,8.79885
0.6931471805599453,0.5897261
0.6931471805599453,0.34452713
0.0,0.124652915
4.532599493153256,4.236894
0.0,0.059729513
0.0,0.018873641
7.768110378525988,7.9148784
0.0,0.7193305
0.0,0.3191116
0.0,0.12286217
2.079441541679836,2.319842
0.0,0.049838006
0.0,0.31768918
2.079441541679836,0.6961981
0.0,-0.0038469725
0.0,0.47396955
0.0,0.3591488
0.6931471805599453,1.1059033
1.0986122886681098,0.42398894
0.6931471805599453,0.19865726
9.169976605786628,8.855473
0.0,0.113401785
0.0,2.215656
0.0,0.023401497
0.0,0.39263752
0.6931471805599453,0.324566
0.0,0.074122034
0.0,0.08342409
0.6931471805599453,0.45447305
2.3978952727983707,2.0188873
1.3862943611198906,0.14699002
0.0,0.022802865
2.079441541679836,2.1299229
4.8283137373023015,4.372287
8.178358165605836,7.2997184
3.044522437723423,3.3832269
0.0,0.05341447
4.02535169073515,4.6118617
4.343805421853684,4.0508113
0.0,0.32020378
6.309918278226516,6.183088
0.6931471805599453,0.113255054
3.091042453358316,3.3549016
0.0,0.01627923
2.5649493574615367,1.8277005
3.4657359027997265,3.8480952
0.0,0.010879166
0.0,0.07487633
1.0986122886681098,2.4064164
0.6931471805599453,1.8554136
4.718498871295094,4.864889
2.70805020110221,3.2115793
1.0986122886681098,1.2203479
1.791759469228055,1.5825505
3.80666248977032,4.0577044
0.6931471805599453,0.80681103
0.0,0.66755885
0.6931471805599453,1.1565087
2.5649493574615367,2.7868774
0.6931471805599453,2.00661
1.9459101490553128,1.2577711
0.0,0.07766258
0.6931471805599453,0.15225105
0.0,0.057948828
0.0,0.3352433
2.70805020110221,3.3654408
0.0,0.06663842
6.025865973825314,5.9129953
0.0,0.60289186
4.8283137373023015,4.61866
1.0986122886681098,2.3871384
4.465908118654584,4.507402
5.572154032177765,5.5604725
3.218875824868201,3.0141401
4.248495242049359,3.515159
3.218875824868201,2.5922978
1.0986122886681098,2.689487
0.0,0.455661
0.0,0.14443168
0.0,0.095347054
6.57507584059962,4.564392
3.784189633918261,3.4148085
0.0,1.7224207
0.0,0.6116743
0.6931471805599453,0.31082812
3.688879454113936,3.660589
2.302585092994046,1.7882924
0.6931471805599453,0.122998476
0.0,0.101445355
0.0,0.14823748
4.07753744390572,4.2061906
0.0,0.36056194
2.4849066497880004,1.813003
4.04305126783455,4.344055
3.332204510175204,3.600149
3.258096538021482,3.6582043
0.0,0.32286602
0.0,0.047828678
0.0,0.41602176
0.0,0.31053543
5.765191102784844,5.3346148
6.084499413075172,6.270544
4.795790545596741,4.2383475
2.302585092994046,1.8488914
7.305188215393037,7.4284863
3.49650756146648,2.3635087
0.0,0.14441125
0.0,0.08577688
0.6931471805599453,0.50223225
2.4849066497880004,3.0555058
0.0,0.20582756
3.713572066704308,3.5121338
5.303304908059076,5.2529383
0.0,0.026967045
0.0,0.28918287
1.6094379124341005,2.082742
3.555348061489413,4.4723077
0.0,0.07029679
6.025865973825314,5.6428804
0.0,0.06443805
5.926926025970411,5.1734395
1.791759469228055,2.8593488
2.6390573296152584,2.696278
0.6931471805599453,1.4125642
4.060443010546419,4.8118377
5.3706380281276624,5.3436112
3.044522437723423,2.795379
2.19722457733622,2.8022037
1.3862943611198906,1.5301765
0.6931471805599453,1.3585927
4.727387818712341,4.519403
2.3978952727983707,0.98870045
1.0986122886681098,1.862149
0.0,0.2736667
0.6931471805599453,0.49089938
0.0,0.5306607
1.0986122886681098,1.9085048
8.458504195067558,7.170392
1.3862943611198906,2.4174356
5.634789603169249,6.050021
0.0,0.0023884543
0.0,0.08032687
1.3862943611198906,1.3353912
2.302585092994046,2.2388842
0.0,0.6048658
2.19722457733622,2.0051577
0.0,0.023751006
4.465908118654584,3.953596
0.0,0.711779
0.0,0.20787707
2.772588722239781,1.3025353
3.8501476017100575,3.2076902
2.302585092994046,2.95223
1.6094379124341005,2.0468707
1.3862943611198906,0.58833104
3.044522437723423,2.567594
1.0986122886681098,1.195802
1.0986122886681098,0.13483807
0.0,0.1832033
4.0943445622221,3.5913732
3.295836866004329,3.2683134
1.0986122886681098,1.1417917
1.791759469228055,1.4463091
1.791759469228055,0.6548672
0.0,0.24089225
2.833213344056216,2.5408485
4.74493212836325,4.5218115
3.6635616461296463,3.2449527
0.0,0.63988596
0.0,1.0838939
4.605170185988092,3.2770772
0.0,1.384996
5.746203190540153,5.5342507
0.0,-0.025712661
6.946013991099227,7.8830576
0.0,0.6217264
0.0,0.036522876
3.367295829986474,2.746238
1.9459101490553128,1.7619088
1.3862943611198906,2.536654
6.093569770045136,5.972332
8.621733370690162,8.132496
1.791759469228055,1.7600733
0.0,-0.030317763
3.4011973816621555,3.595817
0.6931471805599453,0.38959372
0.6931471805599453,0.3316592
0.6931471805599453,0.058710758
4.23410650459726,4.2773
0.0,0.053690866
0.0,0.09941312
1.0986122886681098,0.6535834
4.709530201312334,4.471035
0.0,0.17317294
4.564348191467836,4.4145427
1.3862943611198906,1.6544293
0.6931471805599453,0.14745
0.6931471805599453,0.34856933
3.8918202981106265,3.8999443
4.343805421853684,2.479158
1.6094379124341005,1.7093638
0.0,0.115664035
0.0,-0.019370513
0.0,0.22965467
0.0,0.20092727
3.258096538021482,3.8258786
0.0,0.043413833
0.0,0.53088534
2.6390573296152584,0.8241715
2.9444389791664403,2.8818965
0.0,0.82473457
3.1354942159291497,3.2453368
5.497168225293202,5.3052163
4.770684624465665,4.3159575
0.0,-0.023697412
0.6931471805599453,0.93661016
1.6094379124341005,1.3290545
5.849324779946859,5.4664555
0.0,0.6640269
6.421622267806518,6.2835326
0.0,0.898858
0.0,0.10949588
1.0986122886681098,0.7450373
0.0,0.06549922
0.0,0.36564523
2.5649493574615367,3.1500227
1.3862943611198906,1.87289
0.0,0.01694809
0.0,0.026791913
0.0,1.0829834
0.0,0.3922663
8.025516386489008,7.675137
0.0,0.26277918
0.6931471805599453,0.54868454
0.0,0.58313555
1.6094379124341005,1.7427297
4.48863636973214,5.6032076
3.5263605246161616,4.0160613
0.0,0.13470359
0.0,0.42688644
5.752572638825633,4.6393228
3.737669618283368,3.800039
0.0,0.0354625
2.302585092994046,1.6729771
2.772588722239781,2.6301515
4.74493212836325,3.5103016
3.610917912644224,3.2131855
0.0,0.38108993
5.5909869805108565,6.141648
0.6931471805599453,1.280749
1.0986122886681098,0.2334778
2.5649493574615367,2.5164373
0.0,0.042527128
1.0986122886681098,0.7561851
3.8918202981106265,3.58839
6.895682697747868,7.825007
2.772588722239781,3.4281561
1.6094379124341005,1.8780267
0.0,0.32598546
3.258096538021482,3.5205722
0.0,0.47373995
1.3862943611198906,0.5467026
1.3862943611198906,0.7703724
0.6931471805599453,1.0494313
0.0,0.77197766
4.6443908991413725,4.6881948
6.827629234502852,6.3152533
2.19722457733622,3.3723876
4.976733742420574,4.722621
2.079441541679836,2.939639
0.6931471805599453,1.4279794
4.574710978503383,5.2370405
1.0986122886681098,1.7802802
3.295836866004329,3.2016232
0.6931471805599453,0.9766354
4.867534450455582,4.9526668
0.0,0.25469097
0.6931471805599453,2.6416214
4.127134385045092,4.538435
0.0,0.3088729
1.9459101490553128,0.6935697
0.0,0.19995496
4.23410650459726,4.147764
0.0,0.711779
0.0,0.13615592
0.0,0.18781792
3.49650756146648,2.03445
0.6931471805599453,0.26571277
1.791759469228055,2.484045
0.0,0.02518734
0.0,0.6189951
0.6931471805599453,0.33644727
0.6931471805599453,0.81894577
4.262679877041316,4.106989
0.0,0.07388531
7.267525427828172,7.3848944
4.30406509320417,3.9690375
0.0,0.09204289
2.70805020110221,2.6649766
0.0,0.8899134
0.0,0.23156425
4.07753744390572,4.4638567
0.0,0.270108
0.0,0.018843848
0.6931471805599453,0.8233098
0.0,0.08449222
0.0,0.55997604
2.4849066497880004,2.7217624
0.0,0.09141829
2.6390573296152584,1.7713867
4.836281906951478,5.111431
3.610917912644224,3.0605712
3.091042453358316,1.8957368
9.169976605786628,8.091486
0.6931471805599453,0.36360866
3.951243718581428,4.514674
2.6390573296152584,2.7254028
0.0,0.033334795
0.0,0.4172913
3.555348061489413,3.0946794
0.0,0.31670907
0.0,0.048047557
0.0,0.17317294
0.0,0.094359584
2.9444389791664403,1.4182594
7.389563953677635,6.607577
0.6931471805599453,2.0387225
4.882801922586371,5.4689393
6.269096283706261,6.1352954
5.062595033026967,4.64806
2.3978952727983707,0.82335067
5.5093883366279774,5.8818
0.0,0.006870018
7.463936604468925,5.6468515
3.218875824868201,3.2257729
6.144185634125646,5.925206
6.678342114654332,6.797935
7.704811922932594,7.556172
1.0986122886681098,1.0828974
3.49650756146648,5.9427385
0.0,0.27107105
0.0,0.60162956
0.0,0.68034065
0.0,0.49365595
2.70805020110221,3.601489
2.19722457733622,0.6592075
1.6094379124341005,1.7742782
5.529429087511423,4.5363603
5.891644211825772,6.375884
2.772588722239781,1.8438097
0.0,0.08777327
3.4011973816621555,3.3747604
1.9459101490553128,2.8588777
0.0,0.047718715
3.218875824868201,3.2558594
4.8283137373023015,4.6094203
0.6931471805599453,0.529928
0.0,0.286697
6.118097198041348,6.2306595
2.6390573296152584,2.1929724
4.875197323201151,4.7145233
2.302585092994046,3.9216511
1.791759469228055,1.921224
5.525452939131784,3.8100371
0.6931471805599453,0.11656402
2.19722457733622,1.8480996
0.0,0.34830868
3.9889840465642745,2.2698805
2.995732273553991,2.766738
0.0,0.6735601
2.302585092994046,1.2072105
0.6931471805599453,1.140227
2.70805020110221,2.9391015
1.9459101490553128,2.4469092
0.0,0.1232207
0.0,0.7165613
0.0,0.019906348
0.6931471805599453,0.3476581
0.6931471805599453,0.50310504
2.70805020110221,2.2203774
0.0,0.17790861
0.0,0.019645823
2.772588722239781,3.8303998
0.0,1.1526805
0.0,0.19524969
9.169976605786628,5.683977
2.772588722239781,3.101896
7.076653815443951,7.0075006
0.0,0.012551241
4.574710978503383,4.1069307
2.70805020110221,1.8395884
2.5649493574615367,2.7542686
5.298317366548036,4.5272255
3.8918202981106265,3.2100642
5.0238805208462765,5.0845704
4.574710978503383,3.4675322
2.079441541679836,1.5492388
3.49650756146648,3.3609354
1.3862943611198906,1.9099149
0.0,0.044900816
0.0,1.2457447
0.0,0.025012702
6.230481447578482,5.752357
9.169976605786628,7.461922
6.249975242259483,6.220824
0.0,0.03402549
1.3862943611198906,1.5324285
0.0,0.26892233
0.6931471805599453,0.15611154
5.0369526024136295,4.6267366
2.19722457733622,0.3583473
2.5649493574615367,1.4549532
0.6931471805599453,0.20183975
1.0986122886681098,1.9339727
5.365976015021851,5.7038975
0.0,0.1514365
0.6931471805599453,1.2659357
0.6931471805599453,0.36405194
7.2875606403097235,7.7421975
0.6931471805599453,0.10157889
2.4849066497880004,2.9275188
1.6094379124341005,0.6781421
2.19722457733622,0.66513777
2.079441541679836,2.1142273
4.532599493153256,4.765512
3.091042453358316,2.6416957
6.311734809152915,5.97821
6.013715156042802,5.9273577
2.6390573296152584,3.3357291
3.1780538303479458,2.0902698
3.4657359027997265,3.5570734
5.308267697401205,5.067741
3.8918202981106265,4.077821
0.0,0.047814753
1.9459101490553128,0.67916495
0.0,0.16411637
6.2166061010848646,6.5837755
2.70805020110221,3.874727
0.0,0.23088336
0.0,0.02225752
0.0,1.596572
0.0,0.11037831
3.367295829986474,2.205007
0.0,0.12206148
2.4849066497880004,2.3358984
2.70805020110221,2.6990685
3.091042453358316,3.9597611
3.951243718581428,4.2957225
2.3978952727983707,1.7979475
0.0,0.31418297
0.0,0.2951918
2.079441541679836,1.7177163
4.983606621708336,4.6154885
3.367295829986474,2.7080338
6.300785794663244,7.065458
0.6931471805599453,0.25957453
3.6375861597263857,1.9829946
3.044522437723423,2.813495
1.3862943611198906,0.49039057
0.0,0.08115223
6.190315405853148,5.786361
2.19722457733622,3.3158426
2.302585092994046,2.4406357
2.302585092994046,1.9634033
2.19722457733622,2.5621927
5.043425116919247,4.908164
0.0,0.047630385
4.962844630259907,4.305702
0.0,0.030346677
0.6931471805599453,0.35496587
5.697093486505405,5.4491544
6.670766320845874,4.773711
0.0,0.47886273
1.6094379124341005,1.8857597
9.169976605786628,6.4288225
2.302585092994046,3.1036236
2.5649493574615367,1.2998692
3.367295829986474,3.191013
1.0986122886681098,0.35290006
0.0,0.9911556
0.0,0.023513723
0.0,0.109786354
0.0,0.07557417
0.0,0.65343654
4.934473933130692,4.966342
0.6931471805599453,0.5491779
0.6931471805599453,0.90681136
0.0,-0.008344002
0.0,0.5872715
5.3706380281276624,4.568913
2.079441541679836,3.1502874
4.174387269895637,3.4398334
2.302585092994046,1.5543506
3.713572066704308,4.123937
3.218875824868201,2.7161806
0.6931471805599453,1.1459668
1.3862943611198906,1.4928766
1.0986122886681098,0.40664116
4.948759890378168,5.239011
0.6931471805599453,0.28252748
4.204692619390966,3.7992961
7.302496423727326,6.982765
3.1354942159291497,4.566976
5.209486152841421,6.6972795
0.0,1.6778371
0.6931471805599453,1.1531
0.0,0.19507237
0.0,0.12394845
0.0,0.10310096
0.0,0.3232889
1.6094379124341005,1.7123706
1.0986122886681098,0.65519077
0.6931471805599453,1.2958524
2.8903717578961645,2.5297961
1.3862943611198906,1.7043946
0.0,0.23725738
4.23410650459726,6.682794
0.0,0.6097848
3.4339872044851463,3.189741
2.079441541679836,1.493839
0.6931471805599453,1.9023608
2.70805020110221,2.1382172
0.0,0.41793892
1.3862943611198906,0.618568
2.772588722239781,2.4950955
0.6931471805599453,0.27264142
3.555348061489413,4.0501504
5.049856007249537,4.2131705
2.6390573296152584,2.5830898
0.0,0.6029462
8.53346016388011,4.1441646
1.6094379124341005,1.8599068
3.9318256327243257,4.0754313
2.6390573296152584,2.0346892
0.0,0.27263528
2.5649493574615367,2.5329785
2.70805020110221,2.7749095
1.0986122886681098,0.946119
2.772588722239781,1.5686702
2.079441541679836,3.4102702
0.0,0.06338809
0.6931471805599453,1.1895738
4.941642422609304,4.693585
0.0,0.036894206
0.6931471805599453,0.5360091
0.6931471805599453,0.9051628
1.0986122886681098,0.31125212
4.477336814478207,4.628196
1.791759469228055,0.47711164
0.0,0.5467067
4.574710978503383,4.8497586
3.367295829986474,3.6800725
4.61512051684126,5.192213
3.091042453358316,2.299415
3.6375861597263857,3.5333545
4.691347882229144,4.199808
3.8918202981106265,4.1182327
0.6931471805599453,0.63627476
3.295836866004329,4.7025876
2.6390573296152584,3.4102793
2.5649493574615367,2.7145374
2.833213344056216,2.0052052
0.6931471805599453,0.82950664
5.814130531825066,5.5587173
6.532334292222349,6.572375
5.332718793265369,4.7942405
0.0,0.20675613
0.0,0.057445038
0.6931471805599453,0.49743897
0.0,0.31895947
1.6094379124341005,0.82896316
0.0,0.16080353
3.80666248977032,3.192426
1.0986122886681098,1.4471031
0.0,0.42627755
0.0,0.81607264
2.3978952727983707,1.6561586
0.0,0.23959538
0.0,0.1911247
3.4339872044851463,3.02241
2.6390573296152584,3.1897616
0.0,0.03272724
1.3862943611198906,1.3639494
0.0,0.26813596
9.169976605786628,6.4880533
1.3862943611198906,0.89628893
4.406719247264253,5.0245914
0.0,0.04594524
2.6390573296152584,2.4699278
0.0,0.015424461
0.0,0.17172407
0.6931471805599453,6.011585
0.6931471805599453,0.15900116
3.1780538303479458,2.1740475
6.595780513961311,7.3151836
2.5649493574615367,2.5450642
2.19722457733622,3.7943552
3.4011973816621555,2.7130973
2.079441541679836,2.1192625
0.0,0.14977513
3.1354942159291497,1.0360124
0.0,4.147089
5.1647859739235145,6.622664
0.0,0.13525364
1.3862943611198906,0.5122297
0.0,0.13911329
6.1224928095143865,6.446578
4.07753744390572,3.4313614
0.6931471805599453,0.3330839
0.0,0.17187162
0.0,0.6550402
6.884486652042782,5.272203
4.04305126783455,4.645863
0.6931471805599453,0.35654956
3.258096538021482,3.268237
4.0943445622221,4.144336
0.0,-0.028671844
2.5649493574615367,2.4603293
4.709530201312334,3.0492082
7.934513463882263,8.032955
0.6931471805599453,0.7586255
0.0,0.050101217
4.23410650459726,4.031867
2.833213344056216,2.6584113
3.912023005428146,4.540043
3.367295829986474,3.386022
1.9459101490553128,0.44469187
0.0,0.47543684
7.659171367666058,7.091621
3.4011973816621555,4.136951
0.0,0.5359574
0.6931471805599453,0.3706543
1.3862943611198906,0.44166157
2.079441541679836,3.0468862
1.0986122886681098,1.0094011
4.663439094112067,3.9987404
0.0,0.5020226
3.8501476017100575,4.192427
3.4657359027997265,3.4534485
0.0,0.2529979
2.5649493574615367,2.8418512
0.0,0.006453812
4.060443010546419,3.994808
1.0986122886681098,0.43546122
3.4657359027997265,3.4794123
0.0,0.19852544
0.0,0.25757706
0.0,0.14298996
2.19722457733622,1.0170096
2.70805020110221,2.122768
3.951243718581428,3.533586
5.438079308923196,4.8471365
0.0,0.38419405
3.044522437723423,2.629419
4.382026634673881,4.0443873
0.6931471805599453,1.8631686
0.0,0.030834401
4.574710978503383,3.9182312
0.0,0.1499885
0.0,0.39284775
0.0,0.036208
0.0,0.053478982
0.0,0.5150136
5.676753802268282,4.727459
4.0943445622221,3.4373398
3.58351893845611,4.224702
3.367295829986474,2.6561065
0.0,0.37999415
0.6931471805599453,0.30923867
0.0,0.39755467
0.0,1.2738605
2.19722457733622,1.7662225
0.0,0.14789414
4.143134726391533,4.633142
0.0,0.21355161
3.4011973816621555,3.5897763
0.0,0.22343658
4.23410650459726,4.6135845
2.079441541679836,1.4502698
1.9459101490553128,2.3887198
3.367295829986474,3.159714
0.0,0.060062815
0.0,0.2805392
0.0,0.079194404
0.0,0.4753664
3.258096538021482,2.0068505
0.0,0.8495671
0.0,0.06260326
3.1780538303479458,3.5576673
3.5263605246161616,2.0727737
6.79794041297493,6.588791
6.131226489483141,5.61167
9.169976605786628,8.602782
3.49650756146648,3.4210157
4.584967478670572,4.7285776
2.079441541679836,2.5401955
0.6931471805599453,1.229962
0.0,0.1019578
5.298317366548036,5.7424574
0.0,0.014623995
2.19722457733622,1.8481648
0.6931471805599453,1.180115
3.7612001156935615,3.798009
0.0,0.34628293
4.02535169073515,3.6325839
1.0986122886681098,1.9034965
2.5649493574615367,2.5196853
0.0,0.20823246
4.8283137373023015,5.0546823
0.0,0.45059884
0.0,0.008882548
3.970291913552122,4.1717534
0.0,0.6449989
0.0,0.06582282
0.0,0.07404363
2.9444389791664403,1.2496213
0.0,0.3360611
1.0986122886681098,0.33218095
0.0,0.6202261
2.833213344056216,2.1329124
8.44741429680832,8.6601305
4.990432586778736,5.0404
0.0,0.83134073
3.1780538303479458,3.5753276
3.4339872044851463,3.0096776
0.0,0.58295196
0.0,0.032299045
6.218600119691729,6.000346
2.3978952727983707,1.9727669
6.29156913955832,7.5555105
3.218875824868201,3.9751139
0.0,0.14603598
0.0,0.17722385
0.0,0.35198468
4.543294782270004,4.2914205
0.0,0.8490807
1.6094379124341005,0.487914
1.3862943611198906,0.29338127
8.881558488638976,5.2085986
5.262690188904886,5.3347564
1.3862943611198906,2.4684463
0.0,0.06741874
0.0,0.1755997
0.6931471805599453,0.43333605
0.6931471805599453,2.30754
0.0,-0.008341759
7.906915488678587,7.700676
1.0986122886681098,0.7486349
2.079441541679836,1.8197594
1.6094379124341005,2.0298002
2.3978952727983707,2.2830458
0.6931471805599453,0.41662163
4.110873864173311,3.6902628
0.0,0.3090891
0.6931471805599453,1.2966431
5.332718793265369,4.424966
0.0,0.1376136
5.236441962829949,5.130251
3.258096538021482,1.3151095
0.0,0.26752725
3.1354942159291497,2.1843002
6.498282149476434,6.2102823
3.912023005428146,5.5100994
0.0,0.14019176
6.244166900663736,4.7857165
5.560681631015528,4.794031
6.416732282512326,6.075963
2.772588722239781,2.281688
0.0,0.6690676
5.41164605185504,5.4424167
1.791759469228055,1.3286107
2.079441541679836,1.731769
1.9459101490553128,3.0419598
2.19722457733622,1.9727384
1.0986122886681098,0.58565456
3.555348061489413,3.6700094
0.0,0.32360813
0.0,0.032142196
3.610917912644224,3.1436167
1.3862943611198906,0.75223064
3.7612001156935615,3.1230412
1.3862943611198906,1.6650571
0.0,0.58705705
4.110873864173311,4.2741923
0.6931471805599453,0.4639798
6.102558594613569,5.613375
5.0238805208462765,5.1818624
2.079441541679836,1.0338489
1.9459101490553128,1.925931
0.0,0.040607914
1.6094379124341005,0.38678414
0.0,0.03978287
1.0986122886681098,1.1631109
3.367295829986474,3.391785
0.0,0.05727233
3.58351893845611,3.1898043
0.0,0.19666958
0.0,0.15503353
1.0986122886681098,0.8291432
1.9459101490553128,2.3105674
1.0986122886681098,2.5670786
2.079441541679836,1.8936619
4.04305126783455,3.5493944
0.6931471805599453,0.21813424
1.3862943611198906,0.64196837
1.3862943611198906,0.3863479
0.0,0.14127907
0.0,0.6823303
0.0,0.5513058
1.791759469228055,1.4351183
0.0,0.34680653
8.375860015299594,8.249704
1.0986122886681098,1.3305902
0.6931471805599453,0.078391425
0.0,1.2095134
0.0,0.64662147
2.9444389791664403,3.3012278
0.0,0.3318628
0.0,0.04193186
0.0,0.12724987
0.0,0.36851206
1.0986122886681098,1.9374651
2.302585092994046,1.1752989
0.0,0.00036634027
2.772588722239781,2.160442
3.367295829986474,4.2046294
0.0,0.092124864
1.3862943611198906,1.4715033
0.0,5.707403e-05
3.555348061489413,2.6195655
5.655991810819852,5.0245495
0.0,0.019071283
0.0,0.117184795
1.0986122886681098,2.032629
1.3862943611198906,1.3705776
6.419994928147142,5.9232197
1.3862943611198906,1.7798743
2.4849066497880004,0.8135539
1.3862943611198906,0.56071496
0.0,0.032708038
6.326149473155099,6.352747
1.3862943611198906,0.3589478
0.0,0.14203322
3.044522437723423,3.6581051
0.0,0.5523385
2.772588722239781,2.3767152
2.70805020110221,3.021169
5.641907070938114,5.0995307
1.3862943611198906,1.9204117
0.0,0.062465243
9.169976605786628,8.30187
0.0,0.48333213
2.19722457733622,1.3179599
3.1354942159291497,2.9918876
0.0,2.4652078
0.0,1.222805
4.04305126783455,4.2443566
0.0,0.011387825
1.6094379124341005,2.4370642
0.6931471805599453,1.1523768
2.9444389791664403,2.2032745
0.0,0.92315733
0.6931471805599453,0.7104948
0.0,0.43488577
2.70805020110221,3.0878348
4.3694478524670215,3.9724638
0.0,0.4565962
3.555348061489413,3.3413289
1.0986122886681098,1.8601655
0.6931471805599453,0.8567459
0.6931471805599453,1.6167365
1.791759469228055,1.3485588
1.0986122886681098,2.0152285
0.0,0.34352732
3.1780538303479458,2.8417728
1.791759469228055,2.0529006
7.042286171939743,6.336289
1.0986122886681098,1.7966571
5.840641657373398,7.6792517
4.663439094112067,4.399457
3.555348061489413,4.391685
5.717027701406222,4.625557
5.846438775057725,6.069512
1.6094379124341005,1.0529144
3.8501476017100575,4.063915
0.0,0.3729771
9.076237387452702,8.619065
0.0,0.37919378
0.0,0.14826825
0.0,0.016633227
1.3862943611198906,0.56830823
3.58351893845611,3.7103283
0.6931471805599453,1.2381545
0.0,0.35594788
5.153291594497779,4.7258954
0.0,0.32726413
0.0,0.077992454
1.0986122886681098,0.5118862
1.6094379124341005,1.84657
0.6931471805599453,0.5801636
6.306275286948016,5.8186083
2.70805020110221,2.814552
4.844187086458591,5.0850453
5.093750200806762,5.169557
1.0986122886681098,0.4049215
1.0986122886681098,1.6762464
1.6094379124341005,1.6111237
4.418840607796598,6.4040103
7.374001859350161,7.674334
0.0,0.50149536
0.0,0.2592432
0.0,0.121921375
1.0986122886681098,1.9473671
0.0,0.02601941
0.0,0.5537847
7.868636894184167,8.402524
2.6390573296152584,2.2050428
0.0,0.21716069
3.80666248977032,3.7663472
2.3978952727983707,3.3968482
7.518607216815252,8.254458
1.3862943611198906,1.4066505
5.030437921392435,3.9690874
3.1780538303479458,3.3950343
2.4849066497880004,3.001767
0.6931471805599453,0.7342774
0.0,0.46382123
3.737669618283368,3.0678334
3.1780538303479458,0.82201654
2.9444389791664403,2.6170464
4.68213122712422,4.2601647
7.888709524182015,6.741303
0.0,0.15522406
0.0,0.73320013
3.4339872044851463,5.0747094
3.1780538303479458,3.3020139
1.0986122886681098,1.335934
1.6094379124341005,2.1736944
0.6931471805599453,0.99814713
4.574710978503383,4.663984
0.6931471805599453,0.4725355
3.091042453358316,3.1104074
4.23410650459726,3.030124
1.0986122886681098,1.139247
3.7612001156935615,4.1839695
1.0986122886681098,0.3590347
6.190315405853148,6.1096053
2.19722457733622,1.6579005
0.0,0.24619599
0.0,0.017120976
0.0,0.097544335
7.107425474110705,7.1704636
0.0,-0.001889883
4.219507705176107,3.8675447
2.833213344056216,3.4028804
2.6390573296152584,1.967766
1.3862943611198906,2.4823933
6.0867747269123065,6.108177
1.0986122886681098,1.8288364
0.0,0.37266302
1.0986122886681098,1.3632742
2.5649493574615367,2.832842
3.218875824868201,3.097861
7.500529485395295,6.296268
5.575949103146316,5.324387
1.9459101490553128,2.075119
0.0,0.002410715
0.0,0.030835021
0.0,0.015010286
5.666426688112432,4.9918046
4.882801922586371,4.0678787
4.23410650459726,3.8811536
3.80666248977032,4.2560554
2.5649493574615367,2.0844777
5.746203190540153,7.227571
0.6931471805599453,1.5398769
0.0,0.1346844
0.0,0.3836979
7.068172000388042,6.5172615
5.003946305945459,4.25943
3.610917912644224,3.7654676
1.6094379124341005,0.48618248
4.394449154672439,3.5472064
0.0,0.17812495
3.091042453358316,2.9083188
1.0986122886681098,1.4124686
1.0986122886681098,0.52542543
0.6931471805599453,0.96647185
2.19722457733622,2.1562984
0.0,0.5439379
5.0369526024136295,3.9619591
3.4657359027997265,3.5103745
0.0,1.4685878
0.0,0.45055902
4.532599493153256,4.766901
4.02535169073515,4.2680717
0.0,0.06044085
0.6931471805599453,1.1070534
1.0986122886681098,0.13320033
2.3978952727983707,2.6068687
0.0,0.20068008
5.948034989180646,6.311281
0.0,0.29332882
0.0,0.14146154
0.0,0.5767201
0.0,0.036655657
2.079441541679836,3.4842687
0.6931471805599453,1.0314285
0.0,0.106131114
0.0,0.21253026
0.0,0.22062275
0.0,0.10303519
0.0,0.024388412
0.6931471805599453,0.3048685
7.408530566894626,7.147096
0.6931471805599453,0.24607672
5.402677381872279,5.31231
4.584967478670572,4.3147945
1.9459101490553128,1.606152
2.3978952727983707,1.6980178
0.0,0.20059706
0.0,0.47267705
5.613128106388071,6.350549
7.620214770574455,7.1575384
3.6635616461296463,3.71645
0.0,0.29521912
3.044522437723423,1.080364
6.86484777797086,7.2850366
4.276666119016055,2.7500875
2.19722457733622,2.7586489
0.0,0.023494875
2.6390573296152584,2.8265026
1.9459101490553128,1.7780163
1.6094379124341005,1.9727526
0.0,0.037088096
7.60887062919126,7.092075
7.004881989712859,5.201959
7.80954132465341,7.496407
2.3978952727983707,2.8560572
4.04305126783455,3.503602
6.023447592961033,6.133865
4.204692619390966,0.85690194
1.9459101490553128,1.9831525
0.6931471805599453,0.36027798
0.0,0.7164286
3.6635616461296463,3.4570084
3.295836866004329,2.6716251
3.871201010907891,4.6608844
0.0,-0.06832828
1.3862943611198906,0.5786747
0.6931471805599453,2.1884847
5.849324779946859,5.006216
0.0,0.20783308
9.013838751608397,8.420566
0.0,0.5705559
0.6931471805599453,0.56515735
2.302585092994046,1.3983061
0.6931471805599453,0.9211609
6.90975328164481,6.609692
0.6931471805599453,2.0546384
1.9459101490553128,0.70238
1.6094379124341005,2.4566388
0.0,0.1155387
3.713572066704308,3.8709676
2.772588722239781,2.397444
6.008813185442595,5.9762964
8.855805992536562,8.317791
0.0,0.06679869
1.6094379124341005,2.552873
4.290459441148391,4.4025874
2.079441541679836,2.614978
4.770684624465665,4.2435675
5.1647859739235145,5.9965906
0.0,0.48869428
1.6094379124341005,2.5208302
9.169976605786628,8.311223
0.0,0.064160295
8.244071270295786,7.5193095
1.3862943611198906,0.8462006
2.995732273553991,2.7271852
1.0986122886681098,1.3143054
3.6375861597263857,3.6656263
4.574710978503383,4.556605
1.6094379124341005,1.6361657
5.332718793265369,4.859966
5.298317366548036,4.9559655
0.6931471805599453,0.65379184
2.833213344056216,2.8356512
4.68213122712422,3.9117167
0.0,0.20359074
4.6443908991413725,4.390902
0.6931471805599453,0.68481135
1.3862943611198906,1.5247958
1.6094379124341005,2.3556035
0.0,0.4243064
1.0986122886681098,0.42972496
0.0,0.18977246
0.6931471805599453,0.505166
6.253828811575473,6.1062255
0.6931471805599453,2.010611
1.6094379124341005,1.7174714
0.0,0.34120822
9.169976605786628,8.781458
1.3862943611198906,0.7205071
4.31748811353631,4.523142
0.0,0.3602542
7.3938782901077555,7.258463
3.332204510175204,2.5362957
0.0,0.7544015
0.0,1.3182833
0.0,0.22428936
0.6931471805599453,1.3756288
4.330733340286331,5.370569
1.3862943611198906,0.8267429
4.454347296253507,3.3541768
0.0,0.21898457
4.007333185232471,3.1468554
0.6931471805599453,0.48674023
4.934473933130692,5.3844934
1.0986122886681098,0.2930234
0.0,0.08363671
0.0,0.036601797
0.0,0.025493179
1.9459101490553128,1.79551
0.0,0.47377002
4.143134726391533,4.0075245
0.0,0.4823261
4.31748811353631,2.8567772
1.791759469228055,1.9754527
5.187385805840755,4.8318853
1.6094379124341005,1.1866009
0.0,0.45271412
2.19722457733622,1.6927371
5.068904202220232,4.5422516
5.247024072160486,5.6588354
0.0,0.37873456
2.079441541679836,1.6583914
1.6094379124341005,2.7070236
0.0,0.17317294
0.0,0.020187356
2.6390573296152584,1.6587449
6.77078942390898,6.6010365
0.0,0.005364901
0.0,0.024329087
3.5263605246161616,3.2563453
6.100318952020064,7.781133
0.0,-0.009834198
0.0,-0.00815585
2.302585092994046,2.501974
3.1354942159291497,1.634367
8.448271745949816,8.63632
3.6375861597263857,3.5057352
0.0,0.04328712
0.0,0.12494669
2.9444389791664403,2.0180917
4.969813299576001,6.616183
0.6931471805599453,1.6696908
0.0,1.0865396
0.0,0.10322678
1.0986122886681098,1.1087273
0.0,0.21468227
2.302585092994046,2.0279884
1.6094379124341005,2.7997453
2.6390573296152584,2.789195
5.468060141135132,5.651021
0.0,0.47881737
3.258096538021482,3.014969
0.0,0.0058541885
2.4849066497880004,2.1449044
2.19722457733622,2.3293924
4.990432586778736,5.218283
7.110696122978827,7.82052
0.6931471805599453,1.6003543
3.367295829986474,3.1231945
5.823045895483019,5.9041944
3.8918202981106265,4.564025
0.0,0.14368509
4.442651256490317,3.5294983
5.3471075307174685,4.560758
1.0986122886681098,1.1433872
3.9889840465642745,4.4828672
1.0986122886681098,1.4908408
4.762173934797756,5.8115277
1.0986122886681098,1.0579454
3.8501476017100575,3.047421
1.6094379124341005,0.6839445
7.602401335665818,8.090848
0.6931471805599453,0.5698801
0.6931471805599453,0.060488872
4.248495242049359,4.4615693
0.0,0.63517815
9.169976605786628,8.8452835
6.983789965258135,6.8060117
1.791759469228055,1.9628426
3.1354942159291497,2.307022
6.804614520062624,6.655553
4.07753744390572,4.1200776
2.3978952727983707,3.020574
0.0,0.09114386
2.70805020110221,2.0354886
3.871201010907891,4.0785317
0.0,0.42186365
3.688879454113936,3.813967
0.0,0.5623624
0.6931471805599453,0.578045
0.0,0.70246106
5.231108616854587,5.821335
0.0,0.028330853
0.0,0.21334119
0.0,0.5175878
7.436617265234227,7.482715
0.0,0.032323375
8.575462099540212,5.098339
3.7612001156935615,3.3750472
5.010635294096256,2.707176
5.056245805348308,5.396903
4.77912349311153,3.8174803
3.367295829986474,3.5007703
1.3862943611198906,0.20465034
0.0,0.04285241
6.263398262591624,7.315633
0.6931471805599453,-0.020954743
0.0,0.6900733
1.6094379124341005,3.1289282
0.0,0.44430986
0.0,0.06972195
0.6931471805599453,1.4708364
0.0,0.18906438
1.3862943611198906,1.9486228
0.0,0.26928854
1.0986122886681098,1.8869009
4.836281906951478,4.98306
5.993961427306569,5.638634
0.0,0.15699477
6.082218910376446,6.303676
2.772588722239781,2.4848962
0.6931471805599453,0.35799664
0.0,-0.010222632
3.713572066704308,3.1695008
2.70805020110221,2.515856
0.0,0.14011823
2.772588722239781,3.7578323
0.0,0.07318276
1.6094379124341005,1.7890646
9.169976605786628,5.453828
4.143134726391533,4.649769
0.0,0.05420345
5.575949103146316,6.19929
2.079441541679836,1.4819044
0.0,0.10785437
1.0986122886681098,2.4855912
3.1354942159291497,3.3253763
0.0,0.64332396
5.556828061699537,4.548423
0.6931471805599453,1.3999317
1.0986122886681098,2.00163
3.1354942159291497,2.4595125
3.258096538021482,2.6859493
6.481577129276431,5.8296266
1.3862943611198906,1.0457188
0.0,0.07228701
2.079441541679836,2.6172285
0.0,1.2385079
5.673323267171493,4.8558726
0.0,0.027112596
1.0986122886681098,1.6592332
0.6931471805599453,0.2592054
5.560681631015528,5.7273555
0.0,0.17317294
4.007333185232471,2.8990805
0.6931471805599453,1.2494131
4.343805421853684,4.2120886
1.0986122886681098,0.16253322
1.3862943611198906,0.49765024
0.6931471805599453,0.1722475
0.6931471805599453,1.0043725
4.04305126783455,3.5491025
0.0,0.84266436
0.6931471805599453,0.5977962
1.3862943611198906,0.9080444
2.302585092994046,2.1937952
1.6094379124341005,1.7766396
0.0,0.5397846
4.624972813284271,4.036318
0.6931471805599453,0.5334881
0.0,1.089448
1.9459101490553128,2.2406156
2.302585092994046,2.2545087
4.007333185232471,3.3360586
6.257667587882639,6.2499843
2.6390573296152584,2.1313713
0.0,0.25724563
0.6931471805599453,0.37142086
0.0,0.008422681
0.6931471805599453,0.6675609
7.180069874302796,7.2984242
4.30406509320417,4.2896724
0.0,0.10037119
6.16541785423142,5.7237387
3.258096538021482,3.4416113
1.6094379124341005,0.9388036
1.9459101490553128,1.2287645
6.171700597410915,6.595635
1.3862943611198906,1.2506607
1.0986122886681098,2.103384
3.295836866004329,3.4424417
0.6931471805599453,0.42681602
0.0,0.18121994
7.116394144093465,7.0576377
0.0,0.31663823
0.6931471805599453,0.2929171
3.5263605246161616,3.7036238
1.6094379124341005,1.4120665
2.6390573296152584,2.145234
1.6094379124341005,1.5668017
2.079441541679836,2.4884129
0.0,0.15835238
1.9459101490553128,0.5733123
1.3862943611198906,1.6677371
0.0,0.061828677
1.6094379124341005,1.5719353
5.583496308781699,5.695446
5.525452939131784,5.680945
0.6931471805599453,1.2525822
0.6931471805599453,0.76820606
2.3978952727983707,1.7665873
1.0986122886681098,0.3947898
6.759255270663693,6.0303874
3.367295829986474,3.2533858
0.6931471805599453,1.2531046
0.0,0.3066082
1.3862943611198906,2.5231087
5.556828061699537,5.2087593
0.0,0.054922152
2.995732273553991,2.7860014
5.14166355650266,4.811874
2.772588722239781,0.75797415
0.0,0.5448159
2.302585092994046,2.7147176
0.0,0.3097302
0.0,2.4691112
2.70805020110221,1.9063629
0.0,0.00281713
0.0,0.011464793
1.9459101490553128,1.2858188
1.0986122886681098,1.4514364
3.295836866004329,1.5612605
0.0,0.037309244
5.135798437050262,5.537324
2.19722457733622,3.1364992
0.6931471805599453,0.7474236
3.4657359027997265,3.721559
0.0,-0.0029632307
0.0,0.41510236
6.602587892189336,5.0098166
1.0986122886681098,1.3172721
0.0,-0.04576903
0.0,0.48730987
3.044522437723423,3.5755193
1.791759469228055,3.1797009
0.0,0.067823134
0.6931471805599453,2.220728
2.5649493574615367,1.4057372
3.8918202981106265,4.2258964
1.0986122886681098,1.2769799
0.0,1.6578648
3.58351893845611,3.8228319
2.772588722239781,2.3179545
0.0,0.044460785
1.9459101490553128,2.0376089
0.0,0.41965216
1.0986122886681098,0.41066828
4.532599493153256,4.5835314
5.087596335232384,4.252437
6.813444599510896,5.3268633
0.6931471805599453,0.45603296
1.3862943611198906,1.6290338
2.079441541679836,1.121353
0.0,0.46877062
1.3862943611198906,1.2494164
2.4849066497880004,1.7848614
7.045776576879511,7.716952
3.737669618283368,4.1971183
0.0,0.67259336
4.3694478524670215,4.7594285
5.375278407684165,5.8008466
0.0,1.026734
1.0986122886681098,2.0599666
0.0,0.114614606
2.5649493574615367,2.588887
4.3694478524670215,4.2828298
0.6931471805599453,2.1043706
1.0986122886681098,1.0723433
1.0986122886681098,1.5733507
1.6094379124341005,3.3515275
1.791759469228055,2.3468647
7.597897950521784,7.448121
0.0,0.22932123
1.3862943611198906,0.66539836
1.0986122886681098,1.536853
3.091042453358316,4.309921
1.9459101490553128,2.3309245
1.6094379124341005,1.5517552
7.906915488678587,8.160411
0.0,1.1360829
2.302585092994046,1.4163502
0.0,0.076797225
2.70805020110221,2.795986
2.302585092994046,1.604945
3.4657359027997265,2.431144
4.624972813284271,4.1773705
4.007333185232471,3.7333016
0.0,0.229297
3.9889840465642745,4.65813
0.0,0.78899133
3.737669618283368,3.4502587
1.0986122886681098,1.1678959
0.0,0.4818369
0.0,0.0905153
3.258096538021482,3.007837
2.4849066497880004,2.2945764
0.0,0.17317294
2.995732273553991,2.8948038
0.0,0.19136913
1.791759469228055,0.6389459
5.153291594497779,4.9377165
8.77770959579525,6.061701
0.0,0.9000536
0.0,0.07738156
0.0,0.30810496
0.0,0.98849887
0.6931471805599453,1.4718841
0.6931471805599453,1.451869
2.9444389791664403,3.0717616
0.0,0.04810555
2.079441541679836,1.6857369
2.8903717578961645,3.0277932
0.0,0.43606406
1.9459101490553128,0.45458975
1.0986122886681098,0.36432585
0.0,0.15449283
0.0,0.11941326
1.6094379124341005,0.63319516
2.70805020110221,1.9353878
0.0,1.0143373
0.0,0.083330676
4.499809670330265,4.3168473
0.6931471805599453,1.3955579
0.0,0.15810974
3.044522437723423,1.2666491
1.3862943611198906,0.68012714
0.0,0.66511744
4.477336814478207,3.0824163
0.0,0.071472205
9.169976605786628,9.262256
3.218875824868201,1.5959076
1.0986122886681098,1.3233
0.0,0.16505063
3.970291913552122,4.4773297
0.6931471805599453,1.7465278
1.6094379124341005,1.2723738
3.332204510175204,2.4280643
5.921578419643816,5.8868074
0.0,0.17187026
0.0,0.50249183
1.6094379124341005,2.4554226
0.6931471805599453,0.48070872
1.0986122886681098,1.3794751
0.0,0.014045206
0.0,1.4968551
4.276666119016055,4.574814
0.6931471805599453,0.64375144
0.0,0.16835468
3.4339872044851463,2.862703
6.8966943316227125,7.2978296
3.9318256327243257,4.256559
6.333279628139691,6.7395563
5.926926025970411,6.3330545
2.19722457733622,1.6639856
0.0,0.09740982
3.58351893845611,3.1261623
0.0,0.39278287
0.6931471805599453,1.408403
0.0,0.13585366
0.0,0.035235144
5.733341276897746,6.388664
1.0986122886681098,1.3266054
0.0,0.1598254
0.0,0.6590672
0.0,0.55308616
6.7580945044277305,5.9078827
0.6931471805599453,0.5166282
0.0,0.009278839
1.0986122886681098,1.4635477
2.772588722239781,2.9109206
0.0,1.3256717
5.187385805840755,5.784563
2.5649493574615367,2.6422393
2.302585092994046,0.4398799
2.5649493574615367,2.5552115
0.0,0.40738767
5.081404364984463,4.911238
3.871201010907891,4.3147492
1.791759469228055,2.7152758
3.7612001156935615,3.7616222
4.31748811353631,4.9769983
0.6931471805599453,0.99662536
8.32093496888341,8.049826
1.3862943611198906,0.24638085
2.302585092994046,2.7804284
0.0,0.55222607
4.30406509320417,3.6851072
0.6931471805599453,1.4579545
0.0,0.5652867
0.0,0.29323834
2.9444389791664403,2.626937
3.218875824868201,3.0362093
0.0,0.035347003
1.6094379124341005,0.92252177
0.0,0.1927684
0.6931471805599453,1.9723185
3.951243718581428,3.4908156
1.791759469228055,1.1909584
1.6094379124341005,1.6035441
8.126222529458525,7.727419
0.0,0.0905162
1.3862943611198906,1.4003108
0.0,0.00060973136
5.204006687076795,5.8301225
3.828641396489095,3.549103
0.6931471805599453,0.16773398
3.8918202981106265,4.2880297
2.833213344056216,2.5558505
1.6094379124341005,1.0635107
1.6094379124341005,1.7019222
1.3862943611198906,0.14594018
7.020190708311925,6.836154
4.709530201312334,4.4452224
3.9318256327243257,4.201403
7.7501841622578365,7.856188
2.302585092994046,1.7296607
2.772588722239781,3.7338097
2.833213344056216,1.9168402
0.6931471805599453,0.7219844
7.425357887027151,6.848177
0.6931471805599453,0.06723306
3.80666248977032,3.1040301
1.0986122886681098,1.6907663
0.6931471805599453,0.80732244
0.0,0.51675296
0.6931471805599453,0.5825726
1.3862943611198906,0.5416749
0.6931471805599453,0.24163117
1.6094379124341005,0.55683357
0.6931471805599453,0.33586878
4.248495242049359,3.4798634
0.0,0.08458121
1.0986122886681098,1.1788276
3.49650756146648,3.5005424
1.6094379124341005,0.53882176
2.302585092994046,1.5595607
1.0986122886681098,0.47000283
4.290459441148391,4.720995
0.6931471805599453,1.2381601
1.0986122886681098,1.48206
4.158883083359672,3.9146073
8.570165076182343,5.71303
7.018401799069201,6.3163443
0.0,0.18304116
0.0,0.06562977
2.3978952727983707,1.5562805
9.169976605786628,4.3218455
1.791759469228055,3.4821668
2.19722457733622,2.074462
1.6094379124341005,2.475952
5.968707559985366,5.559
1.791759469228055,2.1571279
0.0,2.5766892
2.302585092994046,2.3816075
1.791759469228055,1.4337951
0.0,0.36849508
3.4011973816621555,4.0053067
1.0986122886681098,1.1069691
0.0,0.1328479
0.0,0.45059252
2.302585092994046,0.39883694
1.6094379124341005,1.98721
0.0,0.051840745
4.143134726391533,4.4859076
1.6094379124341005,2.2643394
2.079441541679836,1.7540168
3.688879454113936,3.392441
3.1780538303479458,3.0760274
2.8903717578961645,3.2903717
4.962844630259907,4.8952694
2.302585092994046,1.7310154
8.449128460502108,7.890545
0.0,0.09169472
1.3862943611198906,2.6496472
3.610917912644224,2.3050916
7.407924322559599,6.752261
0.0,1.619621
3.332204510175204,3.5979517
0.0,0.2647793
0.6931471805599453,1.5090247
1.3862943611198906,0.70474595
2.302585092994046,2.209561
7.554334823725748,7.1051874
2.4849066497880004,1.7574395
1.6094379124341005,2.7256916
0.0,0.62767315
0.6931471805599453,0.44976
8.575650760987806,8.274245
5.700443573390687,5.370939
2.079441541679836,2.7120047
1.3862943611198906,0.26943076
3.367295829986474,3.2847097
4.718498871295094,4.0970144
7.655864017616056,6.611739
2.833213344056216,2.5908234
0.6931471805599453,1.2247516
0.0,0.3294136
1.6094379124341005,2.0115228
3.091042453358316,3.9998605
0.0,0.29703635
1.6094379124341005,2.2284255
1.0986122886681098,1.2715929
0.6931471805599453,0.27232218
0.0,0.014116017
4.07753744390572,3.8534143
5.356586274672012,5.8133173
5.0369526024136295,5.9278216
0.0,0.35453716
0.0,0.42096743
2.833213344056216,1.835709
5.438079308923196,6.3463287
0.6931471805599453,0.279157
5.87493073085203,7.3790517
5.762051382780177,5.645559
3.970291913552122,4.493314
2.5649493574615367,2.8267014
6.333279628139691,6.2138276
0.6931471805599453,0.62231386
0.0,2.214365
